dataset,var,depth,time,stat,value
cmems_mod_glo_phy_myint_0.083deg_P1D-m,mlotst,,2025-01-01T00:00:00Z,mean,
cmems_mod_glo_phy_myint_0.083deg_P1D-m,mlotst,,2025-01-02T00:00:00Z,mean,
cmems_mod_glo_phy_myint_0.083deg_P1D-m,mlotst,,2025-01-03T00:00:00Z,mean,
cmems_mod_glo_phy_myint_0.083deg_P1D-m,mlotst,,2025-01-04T00:00:00Z,mean,
cmems_mod_glo_phy_myint_0.083deg_P1D-m,mlotst,,2025-01-05T00:00:00Z,mean,
cmems_mod_glo_phy_myint_0.083deg_P1D-m,mlotst,,2025-01-06T00:00:00Z,mean,
cmems_mod_glo_phy_myint_0.083deg_P1D-m,mlotst,,2025-01-07T00:00:00Z,mean,
cmems_mod_glo_phy_myint_0.083deg_P1D-m,mlotst,,2025-01-08T00:00:00Z,mean,
cmems_mod_glo_phy_myint_0.083deg_P1D-m,mlotst,,2025-01-09T00:00:00Z,mean,
cmems_mod_glo_phy_myint_0.083deg_P1D-m,mlotst,,2025-01-10T00:00:00Z,mean,
cmems_mod_glo_phy_myint_0.083deg_P1D-m,mlotst,,2025-01-11T00:00:00Z,mean,
cmems_mod_glo_phy_myint_0.083deg_P1D-m,mlotst,,2025-01-12T00:00:00Z,mean,
cmems_mod_glo_phy_myint_0.083deg_P1D-m,mlotst,,2025-01-13T00:00:00Z,mean,
cmems_mod_glo_phy_myint_0.083deg_P1D-m,mlotst,,2025-01-14T00:00:00Z,mean,
cmems_mod_glo_phy_myint_0.083deg_P1D-m,mlotst,,2025-01-15T00:00:00Z,mean,
cmems_mod_glo_phy_myint_0.083deg_P1D-m,mlotst,,2025-01-16T00:00:00Z,mean,
cmems_mod_glo_phy_myint_0.083deg_P1D-m,mlotst,,2025-01-17T00:00:00Z,mean,
cmems_mod_glo_phy_myint_0.083deg_P1D-m,mlotst,,2025-01-18T00:00:00Z,mean,
cmems_mod_glo_phy_myint_0.083deg_P1D-m,mlotst,,2025-01-19T00:00:00Z,mean,
cmems_mod_glo_phy_myint_0.083deg_P1D-m,mlotst,,2025-01-20T00:00:00Z,mean,
cmems_mod_glo_phy_myint_0.083deg_P1D-m,mlotst,,2025-01-21T00:00:00Z,mean,
cmems_mod_glo_phy_myint_0.083deg_P1D-m,mlotst,,2025-01-22T00:00:00Z,mean,
cmems_mod_glo_phy_myint_0.083deg_P1D-m,mlotst,,2025-01-23T00:00:00Z,mean,
cmems_mod_glo_phy_myint_0.083deg_P1D-m,mlotst,,2025-01-24T00:00:00Z,mean,
cmems_mod_glo_phy_myint_0.083deg_P1D-m,mlotst,,2025-01-25T00:00:00Z,mean,
cmems_mod_glo_phy_myint_0.083deg_P1D-m,mlotst,,2025-01-26T00:00:00Z,mean,
cmems_mod_glo_phy_myint_0.083deg_P1D-m,mlotst,,2025-01-27T00:00:00Z,mean,
cmems_mod_glo_phy_myint_0.083deg_P1D-m,mlotst,,2025-01-28T00:00:00Z,mean,
cmems_mod_glo_phy_myint_0.083deg_P1D-m,mlotst,,2025-01-29T00:00:00Z,mean,
cmems_mod_glo_phy_myint_0.083deg_P1D-m,mlotst,,2025-01-30T00:00:00Z,mean,
cmems_mod_glo_phy_myint_0.083deg_P1D-m,mlotst,,2025-01-31T00:00:00Z,mean,
cmems_mod_glo_phy_myint_0.083deg_P1D-m,mlotst,,2025-02-01T00:00:00Z,mean,
cmems_mod_glo_phy_myint_0.083deg_P1D-m,mlotst,,2025-02-02T00:00:00Z,mean,
cmems_mod_glo_phy_myint_0.083deg_P1D-m,mlotst,,2025-02-03T00:00:00Z,mean,
cmems_mod_glo_phy_myint_0.083deg_P1D-m,mlotst,,2025-02-04T00:00:00Z,mean,
cmems_mod_glo_phy_myint_0.083deg_P1D-m,mlotst,,2025-02-05T00:00:00Z,mean,
cmems_mod_glo_phy_myint_0.083deg_P1D-m,mlotst,,2025-02-06T00:00:00Z,mean,
cmems_mod_glo_phy_myint_0.083deg_P1D-m,mlotst,,2025-02-07T00:00:00Z,mean,
cmems_mod_glo_phy_myint_0.083deg_P1D-m,mlotst,,2025-02-08T00:00:00Z,mean,
cmems_mod_glo_phy_myint_0.083deg_P1D-m,mlotst,,2025-02-09T00:00:00Z,mean,
cmems_mod_glo_phy_myint_0.083deg_P1D-m,mlotst,,2025-02-10T00:00:00Z,mean,
cmems_mod_glo_phy_myint_0.083deg_P1D-m,mlotst,,2025-02-11T00:00:00Z,mean,
cmems_mod_glo_phy_myint_0.083deg_P1D-m,mlotst,,2025-02-12T00:00:00Z,mean,
cmems_mod_glo_phy_myint_0.083deg_P1D-m,mlotst,,2025-02-13T00:00:00Z,mean,
cmems_mod_glo_phy_myint_0.083deg_P1D-m,mlotst,,2025-02-14T00:00:00Z,mean,
cmems_mod_glo_phy_myint_0.083deg_P1D-m,mlotst,,2025-02-15T00:00:00Z,mean,
cmems_mod_glo_phy_myint_0.083deg_P1D-m,mlotst,,2025-02-16T00:00:00Z,mean,
cmems_mod_glo_phy_myint_0.083deg_P1D-m,mlotst,,2025-02-17T00:00:00Z,mean,
cmems_mod_glo_phy_myint_0.083deg_P1D-m,mlotst,,2025-02-18T00:00:00Z,mean,
cmems_mod_glo_phy_myint_0.083deg_P1D-m,mlotst,,2025-02-19T00:00:00Z,mean,
cmems_mod_glo_phy_myint_0.083deg_P1D-m,mlotst,,2025-02-20T00:00:00Z,mean,
cmems_mod_glo_phy_myint_0.083deg_P1D-m,mlotst,,2025-02-21T00:00:00Z,mean,
cmems_mod_glo_phy_myint_0.083deg_P1D-m,mlotst,,2025-02-22T00:00:00Z,mean,
cmems_mod_glo_phy_myint_0.083deg_P1D-m,mlotst,,2025-02-23T00:00:00Z,mean,
cmems_mod_glo_phy_myint_0.083deg_P1D-m,mlotst,,2025-02-24T00:00:00Z,mean,
cmems_mod_glo_phy_myint_0.083deg_P1D-m,mlotst,,2025-02-25T00:00:00Z,mean,
cmems_mod_glo_phy_myint_0.083deg_P1D-m,mlotst,,2025-02-26T00:00:00Z,mean,
cmems_mod_glo_phy_myint_0.083deg_P1D-m,mlotst,,2025-02-27T00:00:00Z,mean,
cmems_mod_glo_phy_myint_0.083deg_P1D-m,mlotst,,2025-02-28T00:00:00Z,mean,
cmems_mod_glo_phy_myint_0.083deg_P1D-m,mlotst,,2025-03-01T00:00:00Z,mean,
cmems_mod_glo_phy_myint_0.083deg_P1D-m,mlotst,,2025-03-02T00:00:00Z,mean,
cmems_mod_glo_phy_myint_0.083deg_P1D-m,mlotst,,2025-03-03T00:00:00Z,mean,
cmems_mod_glo_phy_myint_0.083deg_P1D-m,mlotst,,2025-03-04T00:00:00Z,mean,
cmems_mod_glo_phy_myint_0.083deg_P1D-m,mlotst,,2025-03-05T00:00:00Z,mean,
cmems_mod_glo_phy_myint_0.083deg_P1D-m,mlotst,,2025-03-06T00:00:00Z,mean,
cmems_mod_glo_phy_myint_0.083deg_P1D-m,mlotst,,2025-03-07T00:00:00Z,mean,
cmems_mod_glo_phy_myint_0.083deg_P1D-m,mlotst,,2025-03-08T00:00:00Z,mean,
cmems_mod_glo_phy_myint_0.083deg_P1D-m,mlotst,,2025-03-09T00:00:00Z,mean,
cmems_mod_glo_phy_myint_0.083deg_P1D-m,mlotst,,2025-03-10T00:00:00Z,mean,
cmems_mod_glo_phy_myint_0.083deg_P1D-m,mlotst,,2025-03-11T00:00:00Z,mean,
cmems_mod_glo_phy_myint_0.083deg_P1D-m,mlotst,,2025-03-12T00:00:00Z,mean,
cmems_mod_glo_phy_myint_0.083deg_P1D-m,mlotst,,2025-03-13T00:00:00Z,mean,
cmems_mod_glo_phy_myint_0.083deg_P1D-m,mlotst,,2025-03-14T00:00:00Z,mean,
cmems_mod_glo_phy_myint_0.083deg_P1D-m,mlotst,,2025-03-15T00:00:00Z,mean,
cmems_mod_glo_phy_myint_0.083deg_P1D-m,mlotst,,2025-03-16T00:00:00Z,mean,
cmems_mod_glo_phy_myint_0.083deg_P1D-m,mlotst,,2025-03-17T00:00:00Z,mean,
cmems_mod_glo_phy_myint_0.083deg_P1D-m,mlotst,,2025-03-18T00:00:00Z,mean,
cmems_mod_glo_phy_myint_0.083deg_P1D-m,mlotst,,2025-03-19T00:00:00Z,mean,
cmems_mod_glo_phy_myint_0.083deg_P1D-m,mlotst,,2025-03-20T00:00:00Z,mean,
cmems_mod_glo_phy_myint_0.083deg_P1D-m,mlotst,,2025-03-21T00:00:00Z,mean,
cmems_mod_glo_phy_myint_0.083deg_P1D-m,mlotst,,2025-03-22T00:00:00Z,mean,
cmems_mod_glo_phy_myint_0.083deg_P1D-m,mlotst,,2025-03-23T00:00:00Z,mean,
cmems_mod_glo_phy_myint_0.083deg_P1D-m,mlotst,,2025-03-24T00:00:00Z,mean,
cmems_mod_glo_phy_myint_0.083deg_P1D-m,mlotst,,2025-03-25T00:00:00Z,mean,
cmems_mod_glo_phy_myint_0.083deg_P1D-m,mlotst,,2025-03-26T00:00:00Z,mean,
cmems_mod_glo_phy_myint_0.083deg_P1D-m,mlotst,,2025-03-27T00:00:00Z,mean,
cmems_mod_glo_phy_myint_0.083deg_P1D-m,mlotst,,2025-03-28T00:00:00Z,mean,
cmems_mod_glo_phy_myint_0.083deg_P1D-m,mlotst,,2025-03-29T00:00:00Z,mean,
cmems_mod_glo_phy_myint_0.083deg_P1D-m,mlotst,,2025-03-30T00:00:00Z,mean,
cmems_mod_glo_phy_myint_0.083deg_P1D-m,mlotst,,2025-03-31T00:00:00Z,mean,
cmems_mod_glo_phy_myint_0.083deg_P1D-m,mlotst,,2025-04-01T00:00:00Z,mean,
cmems_mod_glo_phy_myint_0.083deg_P1D-m,mlotst,,2025-04-02T00:00:00Z,mean,
cmems_mod_glo_phy_myint_0.083deg_P1D-m,mlotst,,2025-04-03T00:00:00Z,mean,
cmems_mod_glo_phy_myint_0.083deg_P1D-m,mlotst,,2025-04-04T00:00:00Z,mean,
cmems_mod_glo_phy_myint_0.083deg_P1D-m,mlotst,,2025-04-05T00:00:00Z,mean,
cmems_mod_glo_phy_myint_0.083deg_P1D-m,mlotst,,2025-04-06T00:00:00Z,mean,
cmems_mod_glo_phy_myint_0.083deg_P1D-m,mlotst,,2025-04-07T00:00:00Z,mean,
cmems_mod_glo_phy_myint_0.083deg_P1D-m,mlotst,,2025-04-08T00:00:00Z,mean,
cmems_mod_glo_phy_myint_0.083deg_P1D-m,mlotst,,2025-04-09T00:00:00Z,mean,
cmems_mod_glo_phy_myint_0.083deg_P1D-m,mlotst,,2025-04-10T00:00:00Z,mean,
cmems_mod_glo_phy_myint_0.083deg_P1D-m,mlotst,,2025-04-11T00:00:00Z,mean,
cmems_mod_glo_phy_myint_0.083deg_P1D-m,mlotst,,2025-04-12T00:00:00Z,mean,
cmems_mod_glo_phy_myint_0.083deg_P1D-m,mlotst,,2025-04-13T00:00:00Z,mean,
cmems_mod_glo_phy_myint_0.083deg_P1D-m,mlotst,,2025-04-14T00:00:00Z,mean,
cmems_mod_glo_phy_myint_0.083deg_P1D-m,mlotst,,2025-04-15T00:00:00Z,mean,
cmems_mod_glo_phy_myint_0.083deg_P1D-m,mlotst,,2025-04-16T00:00:00Z,mean,
cmems_mod_glo_phy_myint_0.083deg_P1D-m,mlotst,,2025-04-17T00:00:00Z,mean,
cmems_mod_glo_phy_myint_0.083deg_P1D-m,mlotst,,2025-04-18T00:00:00Z,mean,
cmems_mod_glo_phy_myint_0.083deg_P1D-m,mlotst,,2025-04-19T00:00:00Z,mean,
cmems_mod_glo_phy_myint_0.083deg_P1D-m,mlotst,,2025-04-20T00:00:00Z,mean,
cmems_mod_glo_phy_myint_0.083deg_P1D-m,mlotst,,2025-04-21T00:00:00Z,mean,
cmems_mod_glo_phy_myint_0.083deg_P1D-m,mlotst,,2025-04-22T00:00:00Z,mean,
cmems_mod_glo_phy_myint_0.083deg_P1D-m,thetao,0.49402499,2025-01-01T00:00:00Z,mean,
cmems_mod_glo_phy_myint_0.083deg_P1D-m,thetao,0.49402499,2025-01-02T00:00:00Z,mean,
cmems_mod_glo_phy_myint_0.083deg_P1D-m,thetao,0.49402499,2025-01-03T00:00:00Z,mean,
cmems_mod_glo_phy_myint_0.083deg_P1D-m,thetao,0.49402499,2025-01-04T00:00:00Z,mean,
cmems_mod_glo_phy_myint_0.083deg_P1D-m,thetao,0.49402499,2025-01-05T00:00:00Z,mean,
cmems_mod_glo_phy_myint_0.083deg_P1D-m,thetao,0.49402499,2025-01-06T00:00:00Z,mean,
cmems_mod_glo_phy_myint_0.083deg_P1D-m,thetao,0.49402499,2025-01-07T00:00:00Z,mean,
cmems_mod_glo_phy_myint_0.083deg_P1D-m,thetao,0.49402499,2025-01-08T00:00:00Z,mean,
cmems_mod_glo_phy_myint_0.083deg_P1D-m,thetao,0.49402499,2025-01-09T00:00:00Z,mean,
cmems_mod_glo_phy_myint_0.083deg_P1D-m,thetao,0.49402499,2025-01-10T00:00:00Z,mean,
cmems_mod_glo_phy_myint_0.083deg_P1D-m,thetao,0.49402499,2025-01-11T00:00:00Z,mean,
cmems_mod_glo_phy_myint_0.083deg_P1D-m,thetao,0.49402499,2025-01-12T00:00:00Z,mean,
cmems_mod_glo_phy_myint_0.083deg_P1D-m,thetao,0.49402499,2025-01-13T00:00:00Z,mean,
cmems_mod_glo_phy_myint_0.083deg_P1D-m,thetao,0.49402499,2025-01-14T00:00:00Z,mean,
cmems_mod_glo_phy_myint_0.083deg_P1D-m,thetao,0.49402499,2025-01-15T00:00:00Z,mean,
cmems_mod_glo_phy_myint_0.083deg_P1D-m,thetao,0.49402499,2025-01-16T00:00:00Z,mean,
cmems_mod_glo_phy_myint_0.083deg_P1D-m,thetao,0.49402499,2025-01-17T00:00:00Z,mean,
cmems_mod_glo_phy_myint_0.083deg_P1D-m,thetao,0.49402499,2025-01-18T00:00:00Z,mean,
cmems_mod_glo_phy_myint_0.083deg_P1D-m,thetao,0.49402499,2025-01-19T00:00:00Z,mean,
cmems_mod_glo_phy_myint_0.083deg_P1D-m,thetao,0.49402499,2025-01-20T00:00:00Z,mean,
cmems_mod_glo_phy_myint_0.083deg_P1D-m,thetao,0.49402499,2025-01-21T00:00:00Z,mean,
cmems_mod_glo_phy_myint_0.083deg_P1D-m,thetao,0.49402499,2025-01-22T00:00:00Z,mean,
cmems_mod_glo_phy_myint_0.083deg_P1D-m,thetao,0.49402499,2025-01-23T00:00:00Z,mean,
cmems_mod_glo_phy_myint_0.083deg_P1D-m,thetao,0.49402499,2025-01-24T00:00:00Z,mean,
cmems_mod_glo_phy_myint_0.083deg_P1D-m,thetao,0.49402499,2025-01-25T00:00:00Z,mean,
cmems_mod_glo_phy_myint_0.083deg_P1D-m,thetao,0.49402499,2025-01-26T00:00:00Z,mean,
cmems_mod_glo_phy_myint_0.083deg_P1D-m,thetao,0.49402499,2025-01-27T00:00:00Z,mean,
cmems_mod_glo_phy_myint_0.083deg_P1D-m,thetao,0.49402499,2025-01-28T00:00:00Z,mean,
cmems_mod_glo_phy_myint_0.083deg_P1D-m,thetao,0.49402499,2025-01-29T00:00:00Z,mean,
cmems_mod_glo_phy_myint_0.083deg_P1D-m,thetao,0.49402499,2025-01-30T00:00:00Z,mean,
cmems_mod_glo_phy_myint_0.083deg_P1D-m,thetao,0.49402499,2025-01-31T00:00:00Z,mean,
cmems_mod_glo_phy_myint_0.083deg_P1D-m,thetao,0.49402499,2025-02-01T00:00:00Z,mean,
cmems_mod_glo_phy_myint_0.083deg_P1D-m,thetao,0.49402499,2025-02-02T00:00:00Z,mean,
cmems_mod_glo_phy_myint_0.083deg_P1D-m,thetao,0.49402499,2025-02-03T00:00:00Z,mean,
cmems_mod_glo_phy_myint_0.083deg_P1D-m,thetao,0.49402499,2025-02-04T00:00:00Z,mean,
cmems_mod_glo_phy_myint_0.083deg_P1D-m,thetao,0.49402499,2025-02-05T00:00:00Z,mean,
cmems_mod_glo_phy_myint_0.083deg_P1D-m,thetao,0.49402499,2025-02-06T00:00:00Z,mean,
cmems_mod_glo_phy_myint_0.083deg_P1D-m,thetao,0.49402499,2025-02-07T00:00:00Z,mean,
cmems_mod_glo_phy_myint_0.083deg_P1D-m,thetao,0.49402499,2025-02-08T00:00:00Z,mean,
cmems_mod_glo_phy_myint_0.083deg_P1D-m,thetao,0.49402499,2025-02-09T00:00:00Z,mean,
cmems_mod_glo_phy_myint_0.083deg_P1D-m,thetao,0.49402499,2025-02-10T00:00:00Z,mean,
cmems_mod_glo_phy_myint_0.083deg_P1D-m,thetao,0.49402499,2025-02-11T00:00:00Z,mean,
cmems_mod_glo_phy_myint_0.083deg_P1D-m,thetao,0.49402499,2025-02-12T00:00:00Z,mean,
cmems_mod_glo_phy_myint_0.083deg_P1D-m,thetao,0.49402499,2025-02-13T00:00:00Z,mean,
cmems_mod_glo_phy_myint_0.083deg_P1D-m,thetao,0.49402499,2025-02-14T00:00:00Z,mean,
cmems_mod_glo_phy_myint_0.083deg_P1D-m,thetao,0.49402499,2025-02-15T00:00:00Z,mean,
cmems_mod_glo_phy_myint_0.083deg_P1D-m,thetao,0.49402499,2025-02-16T00:00:00Z,mean,
cmems_mod_glo_phy_myint_0.083deg_P1D-m,thetao,0.49402499,2025-02-17T00:00:00Z,mean,
cmems_mod_glo_phy_myint_0.083deg_P1D-m,thetao,0.49402499,2025-02-18T00:00:00Z,mean,
cmems_mod_glo_phy_myint_0.083deg_P1D-m,thetao,0.49402499,2025-02-19T00:00:00Z,mean,
cmems_mod_glo_phy_myint_0.083deg_P1D-m,thetao,0.49402499,2025-02-20T00:00:00Z,mean,
cmems_mod_glo_phy_myint_0.083deg_P1D-m,thetao,0.49402499,2025-02-21T00:00:00Z,mean,
cmems_mod_glo_phy_myint_0.083deg_P1D-m,thetao,0.49402499,2025-02-22T00:00:00Z,mean,
cmems_mod_glo_phy_myint_0.083deg_P1D-m,thetao,0.49402499,2025-02-23T00:00:00Z,mean,
cmems_mod_glo_phy_myint_0.083deg_P1D-m,thetao,0.49402499,2025-02-24T00:00:00Z,mean,
cmems_mod_glo_phy_myint_0.083deg_P1D-m,thetao,0.49402499,2025-02-25T00:00:00Z,mean,
cmems_mod_glo_phy_myint_0.083deg_P1D-m,thetao,0.49402499,2025-02-26T00:00:00Z,mean,
cmems_mod_glo_phy_myint_0.083deg_P1D-m,thetao,0.49402499,2025-02-27T00:00:00Z,mean,
cmems_mod_glo_phy_myint_0.083deg_P1D-m,thetao,0.49402499,2025-02-28T00:00:00Z,mean,
cmems_mod_glo_phy_myint_0.083deg_P1D-m,thetao,0.49402499,2025-03-01T00:00:00Z,mean,
cmems_mod_glo_phy_myint_0.083deg_P1D-m,thetao,0.49402499,2025-03-02T00:00:00Z,mean,
cmems_mod_glo_phy_myint_0.083deg_P1D-m,thetao,0.49402499,2025-03-03T00:00:00Z,mean,
cmems_mod_glo_phy_myint_0.083deg_P1D-m,thetao,0.49402499,2025-03-04T00:00:00Z,mean,
cmems_mod_glo_phy_myint_0.083deg_P1D-m,thetao,0.49402499,2025-03-05T00:00:00Z,mean,
cmems_mod_glo_phy_myint_0.083deg_P1D-m,thetao,0.49402499,2025-03-06T00:00:00Z,mean,
cmems_mod_glo_phy_myint_0.083deg_P1D-m,thetao,0.49402499,2025-03-07T00:00:00Z,mean,
cmems_mod_glo_phy_myint_0.083deg_P1D-m,thetao,0.49402499,2025-03-08T00:00:00Z,mean,
cmems_mod_glo_phy_myint_0.083deg_P1D-m,thetao,0.49402499,2025-03-09T00:00:00Z,mean,
cmems_mod_glo_phy_myint_0.083deg_P1D-m,thetao,0.49402499,2025-03-10T00:00:00Z,mean,
cmems_mod_glo_phy_myint_0.083deg_P1D-m,thetao,0.49402499,2025-03-11T00:00:00Z,mean,
cmems_mod_glo_phy_myint_0.083deg_P1D-m,thetao,0.49402499,2025-03-12T00:00:00Z,mean,
cmems_mod_glo_phy_myint_0.083deg_P1D-m,thetao,0.49402499,2025-03-13T00:00:00Z,mean,
cmems_mod_glo_phy_myint_0.083deg_P1D-m,thetao,0.49402499,2025-03-14T00:00:00Z,mean,
cmems_mod_glo_phy_myint_0.083deg_P1D-m,thetao,0.49402499,2025-03-15T00:00:00Z,mean,
cmems_mod_glo_phy_myint_0.083deg_P1D-m,thetao,0.49402499,2025-03-16T00:00:00Z,mean,
cmems_mod_glo_phy_myint_0.083deg_P1D-m,thetao,0.49402499,2025-03-17T00:00:00Z,mean,
cmems_mod_glo_phy_myint_0.083deg_P1D-m,thetao,0.49402499,2025-03-18T00:00:00Z,mean,
cmems_mod_glo_phy_myint_0.083deg_P1D-m,thetao,0.49402499,2025-03-19T00:00:00Z,mean,
cmems_mod_glo_phy_myint_0.083deg_P1D-m,thetao,0.49402499,2025-03-20T00:00:00Z,mean,
cmems_mod_glo_phy_myint_0.083deg_P1D-m,thetao,0.49402499,2025-03-21T00:00:00Z,mean,
cmems_mod_glo_phy_myint_0.083deg_P1D-m,thetao,0.49402499,2025-03-22T00:00:00Z,mean,
cmems_mod_glo_phy_myint_0.083deg_P1D-m,thetao,0.49402499,2025-03-23T00:00:00Z,mean,
cmems_mod_glo_phy_myint_0.083deg_P1D-m,thetao,0.49402499,2025-03-24T00:00:00Z,mean,
cmems_mod_glo_phy_myint_0.083deg_P1D-m,thetao,0.49402499,2025-03-25T00:00:00Z,mean,
cmems_mod_glo_phy_myint_0.083deg_P1D-m,thetao,0.49402499,2025-03-26T00:00:00Z,mean,
cmems_mod_glo_phy_myint_0.083deg_P1D-m,thetao,0.49402499,2025-03-27T00:00:00Z,mean,
cmems_mod_glo_phy_myint_0.083deg_P1D-m,thetao,0.49402499,2025-03-28T00:00:00Z,mean,
cmems_mod_glo_phy_myint_0.083deg_P1D-m,thetao,0.49402499,2025-03-29T00:00:00Z,mean,
cmems_mod_glo_phy_myint_0.083deg_P1D-m,thetao,0.49402499,2025-03-30T00:00:00Z,mean,
cmems_mod_glo_phy_myint_0.083deg_P1D-m,thetao,0.49402499,2025-03-31T00:00:00Z,mean,
cmems_mod_glo_phy_myint_0.083deg_P1D-m,thetao,0.49402499,2025-04-01T00:00:00Z,mean,
cmems_mod_glo_phy_myint_0.083deg_P1D-m,thetao,0.49402499,2025-04-02T00:00:00Z,mean,
cmems_mod_glo_phy_myint_0.083deg_P1D-m,thetao,0.49402499,2025-04-03T00:00:00Z,mean,
cmems_mod_glo_phy_myint_0.083deg_P1D-m,thetao,0.49402499,2025-04-04T00:00:00Z,mean,
cmems_mod_glo_phy_myint_0.083deg_P1D-m,thetao,0.49402499,2025-04-05T00:00:00Z,mean,
cmems_mod_glo_phy_myint_0.083deg_P1D-m,thetao,0.49402499,2025-04-06T00:00:00Z,mean,
cmems_mod_glo_phy_myint_0.083deg_P1D-m,thetao,0.49402499,2025-04-07T00:00:00Z,mean,
cmems_mod_glo_phy_myint_0.083deg_P1D-m,thetao,0.49402499,2025-04-08T00:00:00Z,mean,
cmems_mod_glo_phy_myint_0.083deg_P1D-m,thetao,0.49402499,2025-04-09T00:00:00Z,mean,
cmems_mod_glo_phy_myint_0.083deg_P1D-m,thetao,0.49402499,2025-04-10T00:00:00Z,mean,
cmems_mod_glo_phy_myint_0.083deg_P1D-m,thetao,0.49402499,2025-04-11T00:00:00Z,mean,
cmems_mod_glo_phy_myint_0.083deg_P1D-m,thetao,0.49402499,2025-04-12T00:00:00Z,mean,
cmems_mod_glo_phy_myint_0.083deg_P1D-m,thetao,0.49402499,2025-04-13T00:00:00Z,mean,
cmems_mod_glo_phy_myint_0.083deg_P1D-m,thetao,0.49402499,2025-04-14T00:00:00Z,mean,
cmems_mod_glo_phy_myint_0.083deg_P1D-m,thetao,0.49402499,2025-04-15T00:00:00Z,mean,
cmems_mod_glo_phy_myint_0.083deg_P1D-m,thetao,0.49402499,2025-04-16T00:00:00Z,mean,
cmems_mod_glo_phy_myint_0.083deg_P1D-m,thetao,0.49402499,2025-04-17T00:00:00Z,mean,
cmems_mod_glo_phy_myint_0.083deg_P1D-m,thetao,0.49402499,2025-04-18T00:00:00Z,mean,
cmems_mod_glo_phy_myint_0.083deg_P1D-m,thetao,0.49402499,2025-04-19T00:00:00Z,mean,
cmems_mod_glo_phy_myint_0.083deg_P1D-m,thetao,0.49402499,2025-04-20T00:00:00Z,mean,
cmems_mod_glo_phy_myint_0.083deg_P1D-m,thetao,0.49402499,2025-04-21T00:00:00Z,mean,
cmems_mod_glo_phy_myint_0.083deg_P1D-m,thetao,0.49402499,2025-04-22T00:00:00Z,mean,
cmems_mod_glo_phy_myint_0.083deg_P1D-m,bottomT,,2025-01-01T00:00:00Z,mean,
cmems_mod_glo_phy_myint_0.083deg_P1D-m,bottomT,,2025-01-02T00:00:00Z,mean,
cmems_mod_glo_phy_myint_0.083deg_P1D-m,bottomT,,2025-01-03T00:00:00Z,mean,
cmems_mod_glo_phy_myint_0.083deg_P1D-m,bottomT,,2025-01-04T00:00:00Z,mean,
cmems_mod_glo_phy_myint_0.083deg_P1D-m,bottomT,,2025-01-05T00:00:00Z,mean,
cmems_mod_glo_phy_myint_0.083deg_P1D-m,bottomT,,2025-01-06T00:00:00Z,mean,
cmems_mod_glo_phy_myint_0.083deg_P1D-m,bottomT,,2025-01-07T00:00:00Z,mean,
cmems_mod_glo_phy_myint_0.083deg_P1D-m,bottomT,,2025-01-08T00:00:00Z,mean,
cmems_mod_glo_phy_myint_0.083deg_P1D-m,bottomT,,2025-01-09T00:00:00Z,mean,
cmems_mod_glo_phy_myint_0.083deg_P1D-m,bottomT,,2025-01-10T00:00:00Z,mean,
cmems_mod_glo_phy_myint_0.083deg_P1D-m,bottomT,,2025-01-11T00:00:00Z,mean,
cmems_mod_glo_phy_myint_0.083deg_P1D-m,bottomT,,2025-01-12T00:00:00Z,mean,
cmems_mod_glo_phy_myint_0.083deg_P1D-m,bottomT,,2025-01-13T00:00:00Z,mean,
cmems_mod_glo_phy_myint_0.083deg_P1D-m,bottomT,,2025-01-14T00:00:00Z,mean,
cmems_mod_glo_phy_myint_0.083deg_P1D-m,bottomT,,2025-01-15T00:00:00Z,mean,
cmems_mod_glo_phy_myint_0.083deg_P1D-m,bottomT,,2025-01-16T00:00:00Z,mean,
cmems_mod_glo_phy_myint_0.083deg_P1D-m,bottomT,,2025-01-17T00:00:00Z,mean,
cmems_mod_glo_phy_myint_0.083deg_P1D-m,bottomT,,2025-01-18T00:00:00Z,mean,
cmems_mod_glo_phy_myint_0.083deg_P1D-m,bottomT,,2025-01-19T00:00:00Z,mean,
cmems_mod_glo_phy_myint_0.083deg_P1D-m,bottomT,,2025-01-20T00:00:00Z,mean,
cmems_mod_glo_phy_myint_0.083deg_P1D-m,bottomT,,2025-01-21T00:00:00Z,mean,
cmems_mod_glo_phy_myint_0.083deg_P1D-m,bottomT,,2025-01-22T00:00:00Z,mean,
cmems_mod_glo_phy_myint_0.083deg_P1D-m,bottomT,,2025-01-23T00:00:00Z,mean,
cmems_mod_glo_phy_myint_0.083deg_P1D-m,bottomT,,2025-01-24T00:00:00Z,mean,
cmems_mod_glo_phy_myint_0.083deg_P1D-m,bottomT,,2025-01-25T00:00:00Z,mean,
cmems_mod_glo_phy_myint_0.083deg_P1D-m,bottomT,,2025-01-26T00:00:00Z,mean,
cmems_mod_glo_phy_myint_0.083deg_P1D-m,bottomT,,2025-01-27T00:00:00Z,mean,
cmems_mod_glo_phy_myint_0.083deg_P1D-m,bottomT,,2025-01-28T00:00:00Z,mean,
cmems_mod_glo_phy_myint_0.083deg_P1D-m,bottomT,,2025-01-29T00:00:00Z,mean,
cmems_mod_glo_phy_myint_0.083deg_P1D-m,bottomT,,2025-01-30T00:00:00Z,mean,
cmems_mod_glo_phy_myint_0.083deg_P1D-m,bottomT,,2025-01-31T00:00:00Z,mean,
cmems_mod_glo_phy_myint_0.083deg_P1D-m,bottomT,,2025-02-01T00:00:00Z,mean,
cmems_mod_glo_phy_myint_0.083deg_P1D-m,bottomT,,2025-02-02T00:00:00Z,mean,
cmems_mod_glo_phy_myint_0.083deg_P1D-m,bottomT,,2025-02-03T00:00:00Z,mean,
cmems_mod_glo_phy_myint_0.083deg_P1D-m,bottomT,,2025-02-04T00:00:00Z,mean,
cmems_mod_glo_phy_myint_0.083deg_P1D-m,bottomT,,2025-02-05T00:00:00Z,mean,
cmems_mod_glo_phy_myint_0.083deg_P1D-m,bottomT,,2025-02-06T00:00:00Z,mean,
cmems_mod_glo_phy_myint_0.083deg_P1D-m,bottomT,,2025-02-07T00:00:00Z,mean,
cmems_mod_glo_phy_myint_0.083deg_P1D-m,bottomT,,2025-02-08T00:00:00Z,mean,
cmems_mod_glo_phy_myint_0.083deg_P1D-m,bottomT,,2025-02-09T00:00:00Z,mean,
cmems_mod_glo_phy_myint_0.083deg_P1D-m,bottomT,,2025-02-10T00:00:00Z,mean,
cmems_mod_glo_phy_myint_0.083deg_P1D-m,bottomT,,2025-02-11T00:00:00Z,mean,
cmems_mod_glo_phy_myint_0.083deg_P1D-m,bottomT,,2025-02-12T00:00:00Z,mean,
cmems_mod_glo_phy_myint_0.083deg_P1D-m,bottomT,,2025-02-13T00:00:00Z,mean,
cmems_mod_glo_phy_myint_0.083deg_P1D-m,bottomT,,2025-02-14T00:00:00Z,mean,
cmems_mod_glo_phy_myint_0.083deg_P1D-m,bottomT,,2025-02-15T00:00:00Z,mean,
cmems_mod_glo_phy_myint_0.083deg_P1D-m,bottomT,,2025-02-16T00:00:00Z,mean,
cmems_mod_glo_phy_myint_0.083deg_P1D-m,bottomT,,2025-02-17T00:00:00Z,mean,
cmems_mod_glo_phy_myint_0.083deg_P1D-m,bottomT,,2025-02-18T00:00:00Z,mean,
cmems_mod_glo_phy_myint_0.083deg_P1D-m,bottomT,,2025-02-19T00:00:00Z,mean,
cmems_mod_glo_phy_myint_0.083deg_P1D-m,bottomT,,2025-02-20T00:00:00Z,mean,
cmems_mod_glo_phy_myint_0.083deg_P1D-m,bottomT,,2025-02-21T00:00:00Z,mean,
cmems_mod_glo_phy_myint_0.083deg_P1D-m,bottomT,,2025-02-22T00:00:00Z,mean,
cmems_mod_glo_phy_myint_0.083deg_P1D-m,bottomT,,2025-02-23T00:00:00Z,mean,
cmems_mod_glo_phy_myint_0.083deg_P1D-m,bottomT,,2025-02-24T00:00:00Z,mean,
cmems_mod_glo_phy_myint_0.083deg_P1D-m,bottomT,,2025-02-25T00:00:00Z,mean,
cmems_mod_glo_phy_myint_0.083deg_P1D-m,bottomT,,2025-02-26T00:00:00Z,mean,
cmems_mod_glo_phy_myint_0.083deg_P1D-m,bottomT,,2025-02-27T00:00:00Z,mean,
cmems_mod_glo_phy_myint_0.083deg_P1D-m,bottomT,,2025-02-28T00:00:00Z,mean,
cmems_mod_glo_phy_myint_0.083deg_P1D-m,bottomT,,2025-03-01T00:00:00Z,mean,
cmems_mod_glo_phy_myint_0.083deg_P1D-m,bottomT,,2025-03-02T00:00:00Z,mean,
cmems_mod_glo_phy_myint_0.083deg_P1D-m,bottomT,,2025-03-03T00:00:00Z,mean,
cmems_mod_glo_phy_myint_0.083deg_P1D-m,bottomT,,2025-03-04T00:00:00Z,mean,
cmems_mod_glo_phy_myint_0.083deg_P1D-m,bottomT,,2025-03-05T00:00:00Z,mean,
cmems_mod_glo_phy_myint_0.083deg_P1D-m,bottomT,,2025-03-06T00:00:00Z,mean,
cmems_mod_glo_phy_myint_0.083deg_P1D-m,bottomT,,2025-03-07T00:00:00Z,mean,
cmems_mod_glo_phy_myint_0.083deg_P1D-m,bottomT,,2025-03-08T00:00:00Z,mean,
cmems_mod_glo_phy_myint_0.083deg_P1D-m,bottomT,,2025-03-09T00:00:00Z,mean,
cmems_mod_glo_phy_myint_0.083deg_P1D-m,bottomT,,2025-03-10T00:00:00Z,mean,
cmems_mod_glo_phy_myint_0.083deg_P1D-m,bottomT,,2025-03-11T00:00:00Z,mean,
cmems_mod_glo_phy_myint_0.083deg_P1D-m,bottomT,,2025-03-12T00:00:00Z,mean,
cmems_mod_glo_phy_myint_0.083deg_P1D-m,bottomT,,2025-03-13T00:00:00Z,mean,
cmems_mod_glo_phy_myint_0.083deg_P1D-m,bottomT,,2025-03-14T00:00:00Z,mean,
cmems_mod_glo_phy_myint_0.083deg_P1D-m,bottomT,,2025-03-15T00:00:00Z,mean,
cmems_mod_glo_phy_myint_0.083deg_P1D-m,bottomT,,2025-03-16T00:00:00Z,mean,
cmems_mod_glo_phy_myint_0.083deg_P1D-m,bottomT,,2025-03-17T00:00:00Z,mean,
cmems_mod_glo_phy_myint_0.083deg_P1D-m,bottomT,,2025-03-18T00:00:00Z,mean,
cmems_mod_glo_phy_myint_0.083deg_P1D-m,bottomT,,2025-03-19T00:00:00Z,mean,
cmems_mod_glo_phy_myint_0.083deg_P1D-m,bottomT,,2025-03-20T00:00:00Z,mean,
cmems_mod_glo_phy_myint_0.083deg_P1D-m,bottomT,,2025-03-21T00:00:00Z,mean,
cmems_mod_glo_phy_myint_0.083deg_P1D-m,bottomT,,2025-03-22T00:00:00Z,mean,
cmems_mod_glo_phy_myint_0.083deg_P1D-m,bottomT,,2025-03-23T00:00:00Z,mean,
cmems_mod_glo_phy_myint_0.083deg_P1D-m,bottomT,,2025-03-24T00:00:00Z,mean,
cmems_mod_glo_phy_myint_0.083deg_P1D-m,bottomT,,2025-03-25T00:00:00Z,mean,
cmems_mod_glo_phy_myint_0.083deg_P1D-m,bottomT,,2025-03-26T00:00:00Z,mean,
cmems_mod_glo_phy_myint_0.083deg_P1D-m,bottomT,,2025-03-27T00:00:00Z,mean,
cmems_mod_glo_phy_myint_0.083deg_P1D-m,bottomT,,2025-03-28T00:00:00Z,mean,
cmems_mod_glo_phy_myint_0.083deg_P1D-m,bottomT,,2025-03-29T00:00:00Z,mean,
cmems_mod_glo_phy_myint_0.083deg_P1D-m,bottomT,,2025-03-30T00:00:00Z,mean,
cmems_mod_glo_phy_myint_0.083deg_P1D-m,bottomT,,2025-03-31T00:00:00Z,mean,
cmems_mod_glo_phy_myint_0.083deg_P1D-m,bottomT,,2025-04-01T00:00:00Z,mean,
cmems_mod_glo_phy_myint_0.083deg_P1D-m,bottomT,,2025-04-02T00:00:00Z,mean,
cmems_mod_glo_phy_myint_0.083deg_P1D-m,bottomT,,2025-04-03T00:00:00Z,mean,
cmems_mod_glo_phy_myint_0.083deg_P1D-m,bottomT,,2025-04-04T00:00:00Z,mean,
cmems_mod_glo_phy_myint_0.083deg_P1D-m,bottomT,,2025-04-05T00:00:00Z,mean,
cmems_mod_glo_phy_myint_0.083deg_P1D-m,bottomT,,2025-04-06T00:00:00Z,mean,
cmems_mod_glo_phy_myint_0.083deg_P1D-m,bottomT,,2025-04-07T00:00:00Z,mean,
cmems_mod_glo_phy_myint_0.083deg_P1D-m,bottomT,,2025-04-08T00:00:00Z,mean,
cmems_mod_glo_phy_myint_0.083deg_P1D-m,bottomT,,2025-04-09T00:00:00Z,mean,
cmems_mod_glo_phy_myint_0.083deg_P1D-m,bottomT,,2025-04-10T00:00:00Z,mean,
cmems_mod_glo_phy_myint_0.083deg_P1D-m,bottomT,,2025-04-11T00:00:00Z,mean,
cmems_mod_glo_phy_myint_0.083deg_P1D-m,bottomT,,2025-04-12T00:00:00Z,mean,
cmems_mod_glo_phy_myint_0.083deg_P1D-m,bottomT,,2025-04-13T00:00:00Z,mean,
cmems_mod_glo_phy_myint_0.083deg_P1D-m,bottomT,,2025-04-14T00:00:00Z,mean,
cmems_mod_glo_phy_myint_0.083deg_P1D-m,bottomT,,2025-04-15T00:00:00Z,mean,
cmems_mod_glo_phy_myint_0.083deg_P1D-m,bottomT,,2025-04-16T00:00:00Z,mean,
cmems_mod_glo_phy_myint_0.083deg_P1D-m,bottomT,,2025-04-17T00:00:00Z,mean,
cmems_mod_glo_phy_myint_0.083deg_P1D-m,bottomT,,2025-04-18T00:00:00Z,mean,
cmems_mod_glo_phy_myint_0.083deg_P1D-m,bottomT,,2025-04-19T00:00:00Z,mean,
cmems_mod_glo_phy_myint_0.083deg_P1D-m,bottomT,,2025-04-20T00:00:00Z,mean,
cmems_mod_glo_phy_myint_0.083deg_P1D-m,bottomT,,2025-04-21T00:00:00Z,mean,
cmems_mod_glo_phy_myint_0.083deg_P1D-m,bottomT,,2025-04-22T00:00:00Z,mean,
cmems_mod_glo_phy_myint_0.083deg_P1D-m,so,0.49402499,2025-01-01T00:00:00Z,mean,
cmems_mod_glo_phy_myint_0.083deg_P1D-m,so,0.49402499,2025-01-02T00:00:00Z,mean,
cmems_mod_glo_phy_myint_0.083deg_P1D-m,so,0.49402499,2025-01-03T00:00:00Z,mean,
cmems_mod_glo_phy_myint_0.083deg_P1D-m,so,0.49402499,2025-01-04T00:00:00Z,mean,
cmems_mod_glo_phy_myint_0.083deg_P1D-m,so,0.49402499,2025-01-05T00:00:00Z,mean,
cmems_mod_glo_phy_myint_0.083deg_P1D-m,so,0.49402499,2025-01-06T00:00:00Z,mean,
cmems_mod_glo_phy_myint_0.083deg_P1D-m,so,0.49402499,2025-01-07T00:00:00Z,mean,
cmems_mod_glo_phy_myint_0.083deg_P1D-m,so,0.49402499,2025-01-08T00:00:00Z,mean,
cmems_mod_glo_phy_myint_0.083deg_P1D-m,so,0.49402499,2025-01-09T00:00:00Z,mean,
cmems_mod_glo_phy_myint_0.083deg_P1D-m,so,0.49402499,2025-01-10T00:00:00Z,mean,
cmems_mod_glo_phy_myint_0.083deg_P1D-m,so,0.49402499,2025-01-11T00:00:00Z,mean,
cmems_mod_glo_phy_myint_0.083deg_P1D-m,so,0.49402499,2025-01-12T00:00:00Z,mean,
cmems_mod_glo_phy_myint_0.083deg_P1D-m,so,0.49402499,2025-01-13T00:00:00Z,mean,
cmems_mod_glo_phy_myint_0.083deg_P1D-m,so,0.49402499,2025-01-14T00:00:00Z,mean,
cmems_mod_glo_phy_myint_0.083deg_P1D-m,so,0.49402499,2025-01-15T00:00:00Z,mean,
cmems_mod_glo_phy_myint_0.083deg_P1D-m,so,0.49402499,2025-01-16T00:00:00Z,mean,
cmems_mod_glo_phy_myint_0.083deg_P1D-m,so,0.49402499,2025-01-17T00:00:00Z,mean,
cmems_mod_glo_phy_myint_0.083deg_P1D-m,so,0.49402499,2025-01-18T00:00:00Z,mean,
cmems_mod_glo_phy_myint_0.083deg_P1D-m,so,0.49402499,2025-01-19T00:00:00Z,mean,
cmems_mod_glo_phy_myint_0.083deg_P1D-m,so,0.49402499,2025-01-20T00:00:00Z,mean,
cmems_mod_glo_phy_myint_0.083deg_P1D-m,so,0.49402499,2025-01-21T00:00:00Z,mean,
cmems_mod_glo_phy_myint_0.083deg_P1D-m,so,0.49402499,2025-01-22T00:00:00Z,mean,
cmems_mod_glo_phy_myint_0.083deg_P1D-m,so,0.49402499,2025-01-23T00:00:00Z,mean,
cmems_mod_glo_phy_myint_0.083deg_P1D-m,so,0.49402499,2025-01-24T00:00:00Z,mean,
cmems_mod_glo_phy_myint_0.083deg_P1D-m,so,0.49402499,2025-01-25T00:00:00Z,mean,
cmems_mod_glo_phy_myint_0.083deg_P1D-m,so,0.49402499,2025-01-26T00:00:00Z,mean,
cmems_mod_glo_phy_myint_0.083deg_P1D-m,so,0.49402499,2025-01-27T00:00:00Z,mean,
cmems_mod_glo_phy_myint_0.083deg_P1D-m,so,0.49402499,2025-01-28T00:00:00Z,mean,
cmems_mod_glo_phy_myint_0.083deg_P1D-m,so,0.49402499,2025-01-29T00:00:00Z,mean,
cmems_mod_glo_phy_myint_0.083deg_P1D-m,so,0.49402499,2025-01-30T00:00:00Z,mean,
cmems_mod_glo_phy_myint_0.083deg_P1D-m,so,0.49402499,2025-01-31T00:00:00Z,mean,
cmems_mod_glo_phy_myint_0.083deg_P1D-m,so,0.49402499,2025-02-01T00:00:00Z,mean,
cmems_mod_glo_phy_myint_0.083deg_P1D-m,so,0.49402499,2025-02-02T00:00:00Z,mean,
cmems_mod_glo_phy_myint_0.083deg_P1D-m,so,0.49402499,2025-02-03T00:00:00Z,mean,
cmems_mod_glo_phy_myint_0.083deg_P1D-m,so,0.49402499,2025-02-04T00:00:00Z,mean,
cmems_mod_glo_phy_myint_0.083deg_P1D-m,so,0.49402499,2025-02-05T00:00:00Z,mean,
cmems_mod_glo_phy_myint_0.083deg_P1D-m,so,0.49402499,2025-02-06T00:00:00Z,mean,
cmems_mod_glo_phy_myint_0.083deg_P1D-m,so,0.49402499,2025-02-07T00:00:00Z,mean,
cmems_mod_glo_phy_myint_0.083deg_P1D-m,so,0.49402499,2025-02-08T00:00:00Z,mean,
cmems_mod_glo_phy_myint_0.083deg_P1D-m,so,0.49402499,2025-02-09T00:00:00Z,mean,
cmems_mod_glo_phy_myint_0.083deg_P1D-m,so,0.49402499,2025-02-10T00:00:00Z,mean,
cmems_mod_glo_phy_myint_0.083deg_P1D-m,so,0.49402499,2025-02-11T00:00:00Z,mean,
cmems_mod_glo_phy_myint_0.083deg_P1D-m,so,0.49402499,2025-02-12T00:00:00Z,mean,
cmems_mod_glo_phy_myint_0.083deg_P1D-m,so,0.49402499,2025-02-13T00:00:00Z,mean,
cmems_mod_glo_phy_myint_0.083deg_P1D-m,so,0.49402499,2025-02-14T00:00:00Z,mean,
cmems_mod_glo_phy_myint_0.083deg_P1D-m,so,0.49402499,2025-02-15T00:00:00Z,mean,
cmems_mod_glo_phy_myint_0.083deg_P1D-m,so,0.49402499,2025-02-16T00:00:00Z,mean,
cmems_mod_glo_phy_myint_0.083deg_P1D-m,so,0.49402499,2025-02-17T00:00:00Z,mean,
cmems_mod_glo_phy_myint_0.083deg_P1D-m,so,0.49402499,2025-02-18T00:00:00Z,mean,
cmems_mod_glo_phy_myint_0.083deg_P1D-m,so,0.49402499,2025-02-19T00:00:00Z,mean,
cmems_mod_glo_phy_myint_0.083deg_P1D-m,so,0.49402499,2025-02-20T00:00:00Z,mean,
cmems_mod_glo_phy_myint_0.083deg_P1D-m,so,0.49402499,2025-02-21T00:00:00Z,mean,
cmems_mod_glo_phy_myint_0.083deg_P1D-m,so,0.49402499,2025-02-22T00:00:00Z,mean,
cmems_mod_glo_phy_myint_0.083deg_P1D-m,so,0.49402499,2025-02-23T00:00:00Z,mean,
cmems_mod_glo_phy_myint_0.083deg_P1D-m,so,0.49402499,2025-02-24T00:00:00Z,mean,
cmems_mod_glo_phy_myint_0.083deg_P1D-m,so,0.49402499,2025-02-25T00:00:00Z,mean,
cmems_mod_glo_phy_myint_0.083deg_P1D-m,so,0.49402499,2025-02-26T00:00:00Z,mean,
cmems_mod_glo_phy_myint_0.083deg_P1D-m,so,0.49402499,2025-02-27T00:00:00Z,mean,
cmems_mod_glo_phy_myint_0.083deg_P1D-m,so,0.49402499,2025-02-28T00:00:00Z,mean,
cmems_mod_glo_phy_myint_0.083deg_P1D-m,so,0.49402499,2025-03-01T00:00:00Z,mean,
cmems_mod_glo_phy_myint_0.083deg_P1D-m,so,0.49402499,2025-03-02T00:00:00Z,mean,
cmems_mod_glo_phy_myint_0.083deg_P1D-m,so,0.49402499,2025-03-03T00:00:00Z,mean,
cmems_mod_glo_phy_myint_0.083deg_P1D-m,so,0.49402499,2025-03-04T00:00:00Z,mean,
cmems_mod_glo_phy_myint_0.083deg_P1D-m,so,0.49402499,2025-03-05T00:00:00Z,mean,
cmems_mod_glo_phy_myint_0.083deg_P1D-m,so,0.49402499,2025-03-06T00:00:00Z,mean,
cmems_mod_glo_phy_myint_0.083deg_P1D-m,so,0.49402499,2025-03-07T00:00:00Z,mean,
cmems_mod_glo_phy_myint_0.083deg_P1D-m,so,0.49402499,2025-03-08T00:00:00Z,mean,
cmems_mod_glo_phy_myint_0.083deg_P1D-m,so,0.49402499,2025-03-09T00:00:00Z,mean,
cmems_mod_glo_phy_myint_0.083deg_P1D-m,so,0.49402499,2025-03-10T00:00:00Z,mean,
cmems_mod_glo_phy_myint_0.083deg_P1D-m,so,0.49402499,2025-03-11T00:00:00Z,mean,
cmems_mod_glo_phy_myint_0.083deg_P1D-m,so,0.49402499,2025-03-12T00:00:00Z,mean,
cmems_mod_glo_phy_myint_0.083deg_P1D-m,so,0.49402499,2025-03-13T00:00:00Z,mean,
cmems_mod_glo_phy_myint_0.083deg_P1D-m,so,0.49402499,2025-03-14T00:00:00Z,mean,
cmems_mod_glo_phy_myint_0.083deg_P1D-m,so,0.49402499,2025-03-15T00:00:00Z,mean,
cmems_mod_glo_phy_myint_0.083deg_P1D-m,so,0.49402499,2025-03-16T00:00:00Z,mean,
cmems_mod_glo_phy_myint_0.083deg_P1D-m,so,0.49402499,2025-03-17T00:00:00Z,mean,
cmems_mod_glo_phy_myint_0.083deg_P1D-m,so,0.49402499,2025-03-18T00:00:00Z,mean,
cmems_mod_glo_phy_myint_0.083deg_P1D-m,so,0.49402499,2025-03-19T00:00:00Z,mean,
cmems_mod_glo_phy_myint_0.083deg_P1D-m,so,0.49402499,2025-03-20T00:00:00Z,mean,
cmems_mod_glo_phy_myint_0.083deg_P1D-m,so,0.49402499,2025-03-21T00:00:00Z,mean,
cmems_mod_glo_phy_myint_0.083deg_P1D-m,so,0.49402499,2025-03-22T00:00:00Z,mean,
cmems_mod_glo_phy_myint_0.083deg_P1D-m,so,0.49402499,2025-03-23T00:00:00Z,mean,
cmems_mod_glo_phy_myint_0.083deg_P1D-m,so,0.49402499,2025-03-24T00:00:00Z,mean,
cmems_mod_glo_phy_myint_0.083deg_P1D-m,so,0.49402499,2025-03-25T00:00:00Z,mean,
cmems_mod_glo_phy_myint_0.083deg_P1D-m,so,0.49402499,2025-03-26T00:00:00Z,mean,
cmems_mod_glo_phy_myint_0.083deg_P1D-m,so,0.49402499,2025-03-27T00:00:00Z,mean,
cmems_mod_glo_phy_myint_0.083deg_P1D-m,so,0.49402499,2025-03-28T00:00:00Z,mean,
cmems_mod_glo_phy_myint_0.083deg_P1D-m,so,0.49402499,2025-03-29T00:00:00Z,mean,
cmems_mod_glo_phy_myint_0.083deg_P1D-m,so,0.49402499,2025-03-30T00:00:00Z,mean,
cmems_mod_glo_phy_myint_0.083deg_P1D-m,so,0.49402499,2025-03-31T00:00:00Z,mean,
cmems_mod_glo_phy_myint_0.083deg_P1D-m,so,0.49402499,2025-04-01T00:00:00Z,mean,
cmems_mod_glo_phy_myint_0.083deg_P1D-m,so,0.49402499,2025-04-02T00:00:00Z,mean,
cmems_mod_glo_phy_myint_0.083deg_P1D-m,so,0.49402499,2025-04-03T00:00:00Z,mean,
cmems_mod_glo_phy_myint_0.083deg_P1D-m,so,0.49402499,2025-04-04T00:00:00Z,mean,
cmems_mod_glo_phy_myint_0.083deg_P1D-m,so,0.49402499,2025-04-05T00:00:00Z,mean,
cmems_mod_glo_phy_myint_0.083deg_P1D-m,so,0.49402499,2025-04-06T00:00:00Z,mean,
cmems_mod_glo_phy_myint_0.083deg_P1D-m,so,0.49402499,2025-04-07T00:00:00Z,mean,
cmems_mod_glo_phy_myint_0.083deg_P1D-m,so,0.49402499,2025-04-08T00:00:00Z,mean,
cmems_mod_glo_phy_myint_0.083deg_P1D-m,so,0.49402499,2025-04-09T00:00:00Z,mean,
cmems_mod_glo_phy_myint_0.083deg_P1D-m,so,0.49402499,2025-04-10T00:00:00Z,mean,
cmems_mod_glo_phy_myint_0.083deg_P1D-m,so,0.49402499,2025-04-11T00:00:00Z,mean,
cmems_mod_glo_phy_myint_0.083deg_P1D-m,so,0.49402499,2025-04-12T00:00:00Z,mean,
cmems_mod_glo_phy_myint_0.083deg_P1D-m,so,0.49402499,2025-04-13T00:00:00Z,mean,
cmems_mod_glo_phy_myint_0.083deg_P1D-m,so,0.49402499,2025-04-14T00:00:00Z,mean,
cmems_mod_glo_phy_myint_0.083deg_P1D-m,so,0.49402499,2025-04-15T00:00:00Z,mean,
cmems_mod_glo_phy_myint_0.083deg_P1D-m,so,0.49402499,2025-04-16T00:00:00Z,mean,
cmems_mod_glo_phy_myint_0.083deg_P1D-m,so,0.49402499,2025-04-17T00:00:00Z,mean,
cmems_mod_glo_phy_myint_0.083deg_P1D-m,so,0.49402499,2025-04-18T00:00:00Z,mean,
cmems_mod_glo_phy_myint_0.083deg_P1D-m,so,0.49402499,2025-04-19T00:00:00Z,mean,
cmems_mod_glo_phy_myint_0.083deg_P1D-m,so,0.49402499,2025-04-20T00:00:00Z,mean,
cmems_mod_glo_phy_myint_0.083deg_P1D-m,so,0.49402499,2025-04-21T00:00:00Z,mean,
cmems_mod_glo_phy_myint_0.083deg_P1D-m,so,0.49402499,2025-04-22T00:00:00Z,mean,
cmems_mod_glo_phy_myint_0.083deg_P1D-m,mlotst,,2025-01-01T00:00:00Z,sd,
cmems_mod_glo_phy_myint_0.083deg_P1D-m,mlotst,,2025-01-02T00:00:00Z,sd,
cmems_mod_glo_phy_myint_0.083deg_P1D-m,mlotst,,2025-01-03T00:00:00Z,sd,
cmems_mod_glo_phy_myint_0.083deg_P1D-m,mlotst,,2025-01-04T00:00:00Z,sd,
cmems_mod_glo_phy_myint_0.083deg_P1D-m,mlotst,,2025-01-05T00:00:00Z,sd,
cmems_mod_glo_phy_myint_0.083deg_P1D-m,mlotst,,2025-01-06T00:00:00Z,sd,
cmems_mod_glo_phy_myint_0.083deg_P1D-m,mlotst,,2025-01-07T00:00:00Z,sd,
cmems_mod_glo_phy_myint_0.083deg_P1D-m,mlotst,,2025-01-08T00:00:00Z,sd,
cmems_mod_glo_phy_myint_0.083deg_P1D-m,mlotst,,2025-01-09T00:00:00Z,sd,
cmems_mod_glo_phy_myint_0.083deg_P1D-m,mlotst,,2025-01-10T00:00:00Z,sd,
cmems_mod_glo_phy_myint_0.083deg_P1D-m,mlotst,,2025-01-11T00:00:00Z,sd,
cmems_mod_glo_phy_myint_0.083deg_P1D-m,mlotst,,2025-01-12T00:00:00Z,sd,
cmems_mod_glo_phy_myint_0.083deg_P1D-m,mlotst,,2025-01-13T00:00:00Z,sd,
cmems_mod_glo_phy_myint_0.083deg_P1D-m,mlotst,,2025-01-14T00:00:00Z,sd,
cmems_mod_glo_phy_myint_0.083deg_P1D-m,mlotst,,2025-01-15T00:00:00Z,sd,
cmems_mod_glo_phy_myint_0.083deg_P1D-m,mlotst,,2025-01-16T00:00:00Z,sd,
cmems_mod_glo_phy_myint_0.083deg_P1D-m,mlotst,,2025-01-17T00:00:00Z,sd,
cmems_mod_glo_phy_myint_0.083deg_P1D-m,mlotst,,2025-01-18T00:00:00Z,sd,
cmems_mod_glo_phy_myint_0.083deg_P1D-m,mlotst,,2025-01-19T00:00:00Z,sd,
cmems_mod_glo_phy_myint_0.083deg_P1D-m,mlotst,,2025-01-20T00:00:00Z,sd,
cmems_mod_glo_phy_myint_0.083deg_P1D-m,mlotst,,2025-01-21T00:00:00Z,sd,
cmems_mod_glo_phy_myint_0.083deg_P1D-m,mlotst,,2025-01-22T00:00:00Z,sd,
cmems_mod_glo_phy_myint_0.083deg_P1D-m,mlotst,,2025-01-23T00:00:00Z,sd,
cmems_mod_glo_phy_myint_0.083deg_P1D-m,mlotst,,2025-01-24T00:00:00Z,sd,
cmems_mod_glo_phy_myint_0.083deg_P1D-m,mlotst,,2025-01-25T00:00:00Z,sd,
cmems_mod_glo_phy_myint_0.083deg_P1D-m,mlotst,,2025-01-26T00:00:00Z,sd,
cmems_mod_glo_phy_myint_0.083deg_P1D-m,mlotst,,2025-01-27T00:00:00Z,sd,
cmems_mod_glo_phy_myint_0.083deg_P1D-m,mlotst,,2025-01-28T00:00:00Z,sd,
cmems_mod_glo_phy_myint_0.083deg_P1D-m,mlotst,,2025-01-29T00:00:00Z,sd,
cmems_mod_glo_phy_myint_0.083deg_P1D-m,mlotst,,2025-01-30T00:00:00Z,sd,
cmems_mod_glo_phy_myint_0.083deg_P1D-m,mlotst,,2025-01-31T00:00:00Z,sd,
cmems_mod_glo_phy_myint_0.083deg_P1D-m,mlotst,,2025-02-01T00:00:00Z,sd,
cmems_mod_glo_phy_myint_0.083deg_P1D-m,mlotst,,2025-02-02T00:00:00Z,sd,
cmems_mod_glo_phy_myint_0.083deg_P1D-m,mlotst,,2025-02-03T00:00:00Z,sd,
cmems_mod_glo_phy_myint_0.083deg_P1D-m,mlotst,,2025-02-04T00:00:00Z,sd,
cmems_mod_glo_phy_myint_0.083deg_P1D-m,mlotst,,2025-02-05T00:00:00Z,sd,
cmems_mod_glo_phy_myint_0.083deg_P1D-m,mlotst,,2025-02-06T00:00:00Z,sd,
cmems_mod_glo_phy_myint_0.083deg_P1D-m,mlotst,,2025-02-07T00:00:00Z,sd,
cmems_mod_glo_phy_myint_0.083deg_P1D-m,mlotst,,2025-02-08T00:00:00Z,sd,
cmems_mod_glo_phy_myint_0.083deg_P1D-m,mlotst,,2025-02-09T00:00:00Z,sd,
cmems_mod_glo_phy_myint_0.083deg_P1D-m,mlotst,,2025-02-10T00:00:00Z,sd,
cmems_mod_glo_phy_myint_0.083deg_P1D-m,mlotst,,2025-02-11T00:00:00Z,sd,
cmems_mod_glo_phy_myint_0.083deg_P1D-m,mlotst,,2025-02-12T00:00:00Z,sd,
cmems_mod_glo_phy_myint_0.083deg_P1D-m,mlotst,,2025-02-13T00:00:00Z,sd,
cmems_mod_glo_phy_myint_0.083deg_P1D-m,mlotst,,2025-02-14T00:00:00Z,sd,
cmems_mod_glo_phy_myint_0.083deg_P1D-m,mlotst,,2025-02-15T00:00:00Z,sd,
cmems_mod_glo_phy_myint_0.083deg_P1D-m,mlotst,,2025-02-16T00:00:00Z,sd,
cmems_mod_glo_phy_myint_0.083deg_P1D-m,mlotst,,2025-02-17T00:00:00Z,sd,
cmems_mod_glo_phy_myint_0.083deg_P1D-m,mlotst,,2025-02-18T00:00:00Z,sd,
cmems_mod_glo_phy_myint_0.083deg_P1D-m,mlotst,,2025-02-19T00:00:00Z,sd,
cmems_mod_glo_phy_myint_0.083deg_P1D-m,mlotst,,2025-02-20T00:00:00Z,sd,
cmems_mod_glo_phy_myint_0.083deg_P1D-m,mlotst,,2025-02-21T00:00:00Z,sd,
cmems_mod_glo_phy_myint_0.083deg_P1D-m,mlotst,,2025-02-22T00:00:00Z,sd,
cmems_mod_glo_phy_myint_0.083deg_P1D-m,mlotst,,2025-02-23T00:00:00Z,sd,
cmems_mod_glo_phy_myint_0.083deg_P1D-m,mlotst,,2025-02-24T00:00:00Z,sd,
cmems_mod_glo_phy_myint_0.083deg_P1D-m,mlotst,,2025-02-25T00:00:00Z,sd,
cmems_mod_glo_phy_myint_0.083deg_P1D-m,mlotst,,2025-02-26T00:00:00Z,sd,
cmems_mod_glo_phy_myint_0.083deg_P1D-m,mlotst,,2025-02-27T00:00:00Z,sd,
cmems_mod_glo_phy_myint_0.083deg_P1D-m,mlotst,,2025-02-28T00:00:00Z,sd,
cmems_mod_glo_phy_myint_0.083deg_P1D-m,mlotst,,2025-03-01T00:00:00Z,sd,
cmems_mod_glo_phy_myint_0.083deg_P1D-m,mlotst,,2025-03-02T00:00:00Z,sd,
cmems_mod_glo_phy_myint_0.083deg_P1D-m,mlotst,,2025-03-03T00:00:00Z,sd,
cmems_mod_glo_phy_myint_0.083deg_P1D-m,mlotst,,2025-03-04T00:00:00Z,sd,
cmems_mod_glo_phy_myint_0.083deg_P1D-m,mlotst,,2025-03-05T00:00:00Z,sd,
cmems_mod_glo_phy_myint_0.083deg_P1D-m,mlotst,,2025-03-06T00:00:00Z,sd,
cmems_mod_glo_phy_myint_0.083deg_P1D-m,mlotst,,2025-03-07T00:00:00Z,sd,
cmems_mod_glo_phy_myint_0.083deg_P1D-m,mlotst,,2025-03-08T00:00:00Z,sd,
cmems_mod_glo_phy_myint_0.083deg_P1D-m,mlotst,,2025-03-09T00:00:00Z,sd,
cmems_mod_glo_phy_myint_0.083deg_P1D-m,mlotst,,2025-03-10T00:00:00Z,sd,
cmems_mod_glo_phy_myint_0.083deg_P1D-m,mlotst,,2025-03-11T00:00:00Z,sd,
cmems_mod_glo_phy_myint_0.083deg_P1D-m,mlotst,,2025-03-12T00:00:00Z,sd,
cmems_mod_glo_phy_myint_0.083deg_P1D-m,mlotst,,2025-03-13T00:00:00Z,sd,
cmems_mod_glo_phy_myint_0.083deg_P1D-m,mlotst,,2025-03-14T00:00:00Z,sd,
cmems_mod_glo_phy_myint_0.083deg_P1D-m,mlotst,,2025-03-15T00:00:00Z,sd,
cmems_mod_glo_phy_myint_0.083deg_P1D-m,mlotst,,2025-03-16T00:00:00Z,sd,
cmems_mod_glo_phy_myint_0.083deg_P1D-m,mlotst,,2025-03-17T00:00:00Z,sd,
cmems_mod_glo_phy_myint_0.083deg_P1D-m,mlotst,,2025-03-18T00:00:00Z,sd,
cmems_mod_glo_phy_myint_0.083deg_P1D-m,mlotst,,2025-03-19T00:00:00Z,sd,
cmems_mod_glo_phy_myint_0.083deg_P1D-m,mlotst,,2025-03-20T00:00:00Z,sd,
cmems_mod_glo_phy_myint_0.083deg_P1D-m,mlotst,,2025-03-21T00:00:00Z,sd,
cmems_mod_glo_phy_myint_0.083deg_P1D-m,mlotst,,2025-03-22T00:00:00Z,sd,
cmems_mod_glo_phy_myint_0.083deg_P1D-m,mlotst,,2025-03-23T00:00:00Z,sd,
cmems_mod_glo_phy_myint_0.083deg_P1D-m,mlotst,,2025-03-24T00:00:00Z,sd,
cmems_mod_glo_phy_myint_0.083deg_P1D-m,mlotst,,2025-03-25T00:00:00Z,sd,
cmems_mod_glo_phy_myint_0.083deg_P1D-m,mlotst,,2025-03-26T00:00:00Z,sd,
cmems_mod_glo_phy_myint_0.083deg_P1D-m,mlotst,,2025-03-27T00:00:00Z,sd,
cmems_mod_glo_phy_myint_0.083deg_P1D-m,mlotst,,2025-03-28T00:00:00Z,sd,
cmems_mod_glo_phy_myint_0.083deg_P1D-m,mlotst,,2025-03-29T00:00:00Z,sd,
cmems_mod_glo_phy_myint_0.083deg_P1D-m,mlotst,,2025-03-30T00:00:00Z,sd,
cmems_mod_glo_phy_myint_0.083deg_P1D-m,mlotst,,2025-03-31T00:00:00Z,sd,
cmems_mod_glo_phy_myint_0.083deg_P1D-m,mlotst,,2025-04-01T00:00:00Z,sd,
cmems_mod_glo_phy_myint_0.083deg_P1D-m,mlotst,,2025-04-02T00:00:00Z,sd,
cmems_mod_glo_phy_myint_0.083deg_P1D-m,mlotst,,2025-04-03T00:00:00Z,sd,
cmems_mod_glo_phy_myint_0.083deg_P1D-m,mlotst,,2025-04-04T00:00:00Z,sd,
cmems_mod_glo_phy_myint_0.083deg_P1D-m,mlotst,,2025-04-05T00:00:00Z,sd,
cmems_mod_glo_phy_myint_0.083deg_P1D-m,mlotst,,2025-04-06T00:00:00Z,sd,
cmems_mod_glo_phy_myint_0.083deg_P1D-m,mlotst,,2025-04-07T00:00:00Z,sd,
cmems_mod_glo_phy_myint_0.083deg_P1D-m,mlotst,,2025-04-08T00:00:00Z,sd,
cmems_mod_glo_phy_myint_0.083deg_P1D-m,mlotst,,2025-04-09T00:00:00Z,sd,
cmems_mod_glo_phy_myint_0.083deg_P1D-m,mlotst,,2025-04-10T00:00:00Z,sd,
cmems_mod_glo_phy_myint_0.083deg_P1D-m,mlotst,,2025-04-11T00:00:00Z,sd,
cmems_mod_glo_phy_myint_0.083deg_P1D-m,mlotst,,2025-04-12T00:00:00Z,sd,
cmems_mod_glo_phy_myint_0.083deg_P1D-m,mlotst,,2025-04-13T00:00:00Z,sd,
cmems_mod_glo_phy_myint_0.083deg_P1D-m,mlotst,,2025-04-14T00:00:00Z,sd,
cmems_mod_glo_phy_myint_0.083deg_P1D-m,mlotst,,2025-04-15T00:00:00Z,sd,
cmems_mod_glo_phy_myint_0.083deg_P1D-m,mlotst,,2025-04-16T00:00:00Z,sd,
cmems_mod_glo_phy_myint_0.083deg_P1D-m,mlotst,,2025-04-17T00:00:00Z,sd,
cmems_mod_glo_phy_myint_0.083deg_P1D-m,mlotst,,2025-04-18T00:00:00Z,sd,
cmems_mod_glo_phy_myint_0.083deg_P1D-m,mlotst,,2025-04-19T00:00:00Z,sd,
cmems_mod_glo_phy_myint_0.083deg_P1D-m,mlotst,,2025-04-20T00:00:00Z,sd,
cmems_mod_glo_phy_myint_0.083deg_P1D-m,mlotst,,2025-04-21T00:00:00Z,sd,
cmems_mod_glo_phy_myint_0.083deg_P1D-m,mlotst,,2025-04-22T00:00:00Z,sd,
cmems_mod_glo_phy_myint_0.083deg_P1D-m,thetao,0.49402499,2025-01-01T00:00:00Z,sd,
cmems_mod_glo_phy_myint_0.083deg_P1D-m,thetao,0.49402499,2025-01-02T00:00:00Z,sd,
cmems_mod_glo_phy_myint_0.083deg_P1D-m,thetao,0.49402499,2025-01-03T00:00:00Z,sd,
cmems_mod_glo_phy_myint_0.083deg_P1D-m,thetao,0.49402499,2025-01-04T00:00:00Z,sd,
cmems_mod_glo_phy_myint_0.083deg_P1D-m,thetao,0.49402499,2025-01-05T00:00:00Z,sd,
cmems_mod_glo_phy_myint_0.083deg_P1D-m,thetao,0.49402499,2025-01-06T00:00:00Z,sd,
cmems_mod_glo_phy_myint_0.083deg_P1D-m,thetao,0.49402499,2025-01-07T00:00:00Z,sd,
cmems_mod_glo_phy_myint_0.083deg_P1D-m,thetao,0.49402499,2025-01-08T00:00:00Z,sd,
cmems_mod_glo_phy_myint_0.083deg_P1D-m,thetao,0.49402499,2025-01-09T00:00:00Z,sd,
cmems_mod_glo_phy_myint_0.083deg_P1D-m,thetao,0.49402499,2025-01-10T00:00:00Z,sd,
cmems_mod_glo_phy_myint_0.083deg_P1D-m,thetao,0.49402499,2025-01-11T00:00:00Z,sd,
cmems_mod_glo_phy_myint_0.083deg_P1D-m,thetao,0.49402499,2025-01-12T00:00:00Z,sd,
cmems_mod_glo_phy_myint_0.083deg_P1D-m,thetao,0.49402499,2025-01-13T00:00:00Z,sd,
cmems_mod_glo_phy_myint_0.083deg_P1D-m,thetao,0.49402499,2025-01-14T00:00:00Z,sd,
cmems_mod_glo_phy_myint_0.083deg_P1D-m,thetao,0.49402499,2025-01-15T00:00:00Z,sd,
cmems_mod_glo_phy_myint_0.083deg_P1D-m,thetao,0.49402499,2025-01-16T00:00:00Z,sd,
cmems_mod_glo_phy_myint_0.083deg_P1D-m,thetao,0.49402499,2025-01-17T00:00:00Z,sd,
cmems_mod_glo_phy_myint_0.083deg_P1D-m,thetao,0.49402499,2025-01-18T00:00:00Z,sd,
cmems_mod_glo_phy_myint_0.083deg_P1D-m,thetao,0.49402499,2025-01-19T00:00:00Z,sd,
cmems_mod_glo_phy_myint_0.083deg_P1D-m,thetao,0.49402499,2025-01-20T00:00:00Z,sd,
cmems_mod_glo_phy_myint_0.083deg_P1D-m,thetao,0.49402499,2025-01-21T00:00:00Z,sd,
cmems_mod_glo_phy_myint_0.083deg_P1D-m,thetao,0.49402499,2025-01-22T00:00:00Z,sd,
cmems_mod_glo_phy_myint_0.083deg_P1D-m,thetao,0.49402499,2025-01-23T00:00:00Z,sd,
cmems_mod_glo_phy_myint_0.083deg_P1D-m,thetao,0.49402499,2025-01-24T00:00:00Z,sd,
cmems_mod_glo_phy_myint_0.083deg_P1D-m,thetao,0.49402499,2025-01-25T00:00:00Z,sd,
cmems_mod_glo_phy_myint_0.083deg_P1D-m,thetao,0.49402499,2025-01-26T00:00:00Z,sd,
cmems_mod_glo_phy_myint_0.083deg_P1D-m,thetao,0.49402499,2025-01-27T00:00:00Z,sd,
cmems_mod_glo_phy_myint_0.083deg_P1D-m,thetao,0.49402499,2025-01-28T00:00:00Z,sd,
cmems_mod_glo_phy_myint_0.083deg_P1D-m,thetao,0.49402499,2025-01-29T00:00:00Z,sd,
cmems_mod_glo_phy_myint_0.083deg_P1D-m,thetao,0.49402499,2025-01-30T00:00:00Z,sd,
cmems_mod_glo_phy_myint_0.083deg_P1D-m,thetao,0.49402499,2025-01-31T00:00:00Z,sd,
cmems_mod_glo_phy_myint_0.083deg_P1D-m,thetao,0.49402499,2025-02-01T00:00:00Z,sd,
cmems_mod_glo_phy_myint_0.083deg_P1D-m,thetao,0.49402499,2025-02-02T00:00:00Z,sd,
cmems_mod_glo_phy_myint_0.083deg_P1D-m,thetao,0.49402499,2025-02-03T00:00:00Z,sd,
cmems_mod_glo_phy_myint_0.083deg_P1D-m,thetao,0.49402499,2025-02-04T00:00:00Z,sd,
cmems_mod_glo_phy_myint_0.083deg_P1D-m,thetao,0.49402499,2025-02-05T00:00:00Z,sd,
cmems_mod_glo_phy_myint_0.083deg_P1D-m,thetao,0.49402499,2025-02-06T00:00:00Z,sd,
cmems_mod_glo_phy_myint_0.083deg_P1D-m,thetao,0.49402499,2025-02-07T00:00:00Z,sd,
cmems_mod_glo_phy_myint_0.083deg_P1D-m,thetao,0.49402499,2025-02-08T00:00:00Z,sd,
cmems_mod_glo_phy_myint_0.083deg_P1D-m,thetao,0.49402499,2025-02-09T00:00:00Z,sd,
cmems_mod_glo_phy_myint_0.083deg_P1D-m,thetao,0.49402499,2025-02-10T00:00:00Z,sd,
cmems_mod_glo_phy_myint_0.083deg_P1D-m,thetao,0.49402499,2025-02-11T00:00:00Z,sd,
cmems_mod_glo_phy_myint_0.083deg_P1D-m,thetao,0.49402499,2025-02-12T00:00:00Z,sd,
cmems_mod_glo_phy_myint_0.083deg_P1D-m,thetao,0.49402499,2025-02-13T00:00:00Z,sd,
cmems_mod_glo_phy_myint_0.083deg_P1D-m,thetao,0.49402499,2025-02-14T00:00:00Z,sd,
cmems_mod_glo_phy_myint_0.083deg_P1D-m,thetao,0.49402499,2025-02-15T00:00:00Z,sd,
cmems_mod_glo_phy_myint_0.083deg_P1D-m,thetao,0.49402499,2025-02-16T00:00:00Z,sd,
cmems_mod_glo_phy_myint_0.083deg_P1D-m,thetao,0.49402499,2025-02-17T00:00:00Z,sd,
cmems_mod_glo_phy_myint_0.083deg_P1D-m,thetao,0.49402499,2025-02-18T00:00:00Z,sd,
cmems_mod_glo_phy_myint_0.083deg_P1D-m,thetao,0.49402499,2025-02-19T00:00:00Z,sd,
cmems_mod_glo_phy_myint_0.083deg_P1D-m,thetao,0.49402499,2025-02-20T00:00:00Z,sd,
cmems_mod_glo_phy_myint_0.083deg_P1D-m,thetao,0.49402499,2025-02-21T00:00:00Z,sd,
cmems_mod_glo_phy_myint_0.083deg_P1D-m,thetao,0.49402499,2025-02-22T00:00:00Z,sd,
cmems_mod_glo_phy_myint_0.083deg_P1D-m,thetao,0.49402499,2025-02-23T00:00:00Z,sd,
cmems_mod_glo_phy_myint_0.083deg_P1D-m,thetao,0.49402499,2025-02-24T00:00:00Z,sd,
cmems_mod_glo_phy_myint_0.083deg_P1D-m,thetao,0.49402499,2025-02-25T00:00:00Z,sd,
cmems_mod_glo_phy_myint_0.083deg_P1D-m,thetao,0.49402499,2025-02-26T00:00:00Z,sd,
cmems_mod_glo_phy_myint_0.083deg_P1D-m,thetao,0.49402499,2025-02-27T00:00:00Z,sd,
cmems_mod_glo_phy_myint_0.083deg_P1D-m,thetao,0.49402499,2025-02-28T00:00:00Z,sd,
cmems_mod_glo_phy_myint_0.083deg_P1D-m,thetao,0.49402499,2025-03-01T00:00:00Z,sd,
cmems_mod_glo_phy_myint_0.083deg_P1D-m,thetao,0.49402499,2025-03-02T00:00:00Z,sd,
cmems_mod_glo_phy_myint_0.083deg_P1D-m,thetao,0.49402499,2025-03-03T00:00:00Z,sd,
cmems_mod_glo_phy_myint_0.083deg_P1D-m,thetao,0.49402499,2025-03-04T00:00:00Z,sd,
cmems_mod_glo_phy_myint_0.083deg_P1D-m,thetao,0.49402499,2025-03-05T00:00:00Z,sd,
cmems_mod_glo_phy_myint_0.083deg_P1D-m,thetao,0.49402499,2025-03-06T00:00:00Z,sd,
cmems_mod_glo_phy_myint_0.083deg_P1D-m,thetao,0.49402499,2025-03-07T00:00:00Z,sd,
cmems_mod_glo_phy_myint_0.083deg_P1D-m,thetao,0.49402499,2025-03-08T00:00:00Z,sd,
cmems_mod_glo_phy_myint_0.083deg_P1D-m,thetao,0.49402499,2025-03-09T00:00:00Z,sd,
cmems_mod_glo_phy_myint_0.083deg_P1D-m,thetao,0.49402499,2025-03-10T00:00:00Z,sd,
cmems_mod_glo_phy_myint_0.083deg_P1D-m,thetao,0.49402499,2025-03-11T00:00:00Z,sd,
cmems_mod_glo_phy_myint_0.083deg_P1D-m,thetao,0.49402499,2025-03-12T00:00:00Z,sd,
cmems_mod_glo_phy_myint_0.083deg_P1D-m,thetao,0.49402499,2025-03-13T00:00:00Z,sd,
cmems_mod_glo_phy_myint_0.083deg_P1D-m,thetao,0.49402499,2025-03-14T00:00:00Z,sd,
cmems_mod_glo_phy_myint_0.083deg_P1D-m,thetao,0.49402499,2025-03-15T00:00:00Z,sd,
cmems_mod_glo_phy_myint_0.083deg_P1D-m,thetao,0.49402499,2025-03-16T00:00:00Z,sd,
cmems_mod_glo_phy_myint_0.083deg_P1D-m,thetao,0.49402499,2025-03-17T00:00:00Z,sd,
cmems_mod_glo_phy_myint_0.083deg_P1D-m,thetao,0.49402499,2025-03-18T00:00:00Z,sd,
cmems_mod_glo_phy_myint_0.083deg_P1D-m,thetao,0.49402499,2025-03-19T00:00:00Z,sd,
cmems_mod_glo_phy_myint_0.083deg_P1D-m,thetao,0.49402499,2025-03-20T00:00:00Z,sd,
cmems_mod_glo_phy_myint_0.083deg_P1D-m,thetao,0.49402499,2025-03-21T00:00:00Z,sd,
cmems_mod_glo_phy_myint_0.083deg_P1D-m,thetao,0.49402499,2025-03-22T00:00:00Z,sd,
cmems_mod_glo_phy_myint_0.083deg_P1D-m,thetao,0.49402499,2025-03-23T00:00:00Z,sd,
cmems_mod_glo_phy_myint_0.083deg_P1D-m,thetao,0.49402499,2025-03-24T00:00:00Z,sd,
cmems_mod_glo_phy_myint_0.083deg_P1D-m,thetao,0.49402499,2025-03-25T00:00:00Z,sd,
cmems_mod_glo_phy_myint_0.083deg_P1D-m,thetao,0.49402499,2025-03-26T00:00:00Z,sd,
cmems_mod_glo_phy_myint_0.083deg_P1D-m,thetao,0.49402499,2025-03-27T00:00:00Z,sd,
cmems_mod_glo_phy_myint_0.083deg_P1D-m,thetao,0.49402499,2025-03-28T00:00:00Z,sd,
cmems_mod_glo_phy_myint_0.083deg_P1D-m,thetao,0.49402499,2025-03-29T00:00:00Z,sd,
cmems_mod_glo_phy_myint_0.083deg_P1D-m,thetao,0.49402499,2025-03-30T00:00:00Z,sd,
cmems_mod_glo_phy_myint_0.083deg_P1D-m,thetao,0.49402499,2025-03-31T00:00:00Z,sd,
cmems_mod_glo_phy_myint_0.083deg_P1D-m,thetao,0.49402499,2025-04-01T00:00:00Z,sd,
cmems_mod_glo_phy_myint_0.083deg_P1D-m,thetao,0.49402499,2025-04-02T00:00:00Z,sd,
cmems_mod_glo_phy_myint_0.083deg_P1D-m,thetao,0.49402499,2025-04-03T00:00:00Z,sd,
cmems_mod_glo_phy_myint_0.083deg_P1D-m,thetao,0.49402499,2025-04-04T00:00:00Z,sd,
cmems_mod_glo_phy_myint_0.083deg_P1D-m,thetao,0.49402499,2025-04-05T00:00:00Z,sd,
cmems_mod_glo_phy_myint_0.083deg_P1D-m,thetao,0.49402499,2025-04-06T00:00:00Z,sd,
cmems_mod_glo_phy_myint_0.083deg_P1D-m,thetao,0.49402499,2025-04-07T00:00:00Z,sd,
cmems_mod_glo_phy_myint_0.083deg_P1D-m,thetao,0.49402499,2025-04-08T00:00:00Z,sd,
cmems_mod_glo_phy_myint_0.083deg_P1D-m,thetao,0.49402499,2025-04-09T00:00:00Z,sd,
cmems_mod_glo_phy_myint_0.083deg_P1D-m,thetao,0.49402499,2025-04-10T00:00:00Z,sd,
cmems_mod_glo_phy_myint_0.083deg_P1D-m,thetao,0.49402499,2025-04-11T00:00:00Z,sd,
cmems_mod_glo_phy_myint_0.083deg_P1D-m,thetao,0.49402499,2025-04-12T00:00:00Z,sd,
cmems_mod_glo_phy_myint_0.083deg_P1D-m,thetao,0.49402499,2025-04-13T00:00:00Z,sd,
cmems_mod_glo_phy_myint_0.083deg_P1D-m,thetao,0.49402499,2025-04-14T00:00:00Z,sd,
cmems_mod_glo_phy_myint_0.083deg_P1D-m,thetao,0.49402499,2025-04-15T00:00:00Z,sd,
cmems_mod_glo_phy_myint_0.083deg_P1D-m,thetao,0.49402499,2025-04-16T00:00:00Z,sd,
cmems_mod_glo_phy_myint_0.083deg_P1D-m,thetao,0.49402499,2025-04-17T00:00:00Z,sd,
cmems_mod_glo_phy_myint_0.083deg_P1D-m,thetao,0.49402499,2025-04-18T00:00:00Z,sd,
cmems_mod_glo_phy_myint_0.083deg_P1D-m,thetao,0.49402499,2025-04-19T00:00:00Z,sd,
cmems_mod_glo_phy_myint_0.083deg_P1D-m,thetao,0.49402499,2025-04-20T00:00:00Z,sd,
cmems_mod_glo_phy_myint_0.083deg_P1D-m,thetao,0.49402499,2025-04-21T00:00:00Z,sd,
cmems_mod_glo_phy_myint_0.083deg_P1D-m,thetao,0.49402499,2025-04-22T00:00:00Z,sd,
cmems_mod_glo_phy_myint_0.083deg_P1D-m,bottomT,,2025-01-01T00:00:00Z,sd,
cmems_mod_glo_phy_myint_0.083deg_P1D-m,bottomT,,2025-01-02T00:00:00Z,sd,
cmems_mod_glo_phy_myint_0.083deg_P1D-m,bottomT,,2025-01-03T00:00:00Z,sd,
cmems_mod_glo_phy_myint_0.083deg_P1D-m,bottomT,,2025-01-04T00:00:00Z,sd,
cmems_mod_glo_phy_myint_0.083deg_P1D-m,bottomT,,2025-01-05T00:00:00Z,sd,
cmems_mod_glo_phy_myint_0.083deg_P1D-m,bottomT,,2025-01-06T00:00:00Z,sd,
cmems_mod_glo_phy_myint_0.083deg_P1D-m,bottomT,,2025-01-07T00:00:00Z,sd,
cmems_mod_glo_phy_myint_0.083deg_P1D-m,bottomT,,2025-01-08T00:00:00Z,sd,
cmems_mod_glo_phy_myint_0.083deg_P1D-m,bottomT,,2025-01-09T00:00:00Z,sd,
cmems_mod_glo_phy_myint_0.083deg_P1D-m,bottomT,,2025-01-10T00:00:00Z,sd,
cmems_mod_glo_phy_myint_0.083deg_P1D-m,bottomT,,2025-01-11T00:00:00Z,sd,
cmems_mod_glo_phy_myint_0.083deg_P1D-m,bottomT,,2025-01-12T00:00:00Z,sd,
cmems_mod_glo_phy_myint_0.083deg_P1D-m,bottomT,,2025-01-13T00:00:00Z,sd,
cmems_mod_glo_phy_myint_0.083deg_P1D-m,bottomT,,2025-01-14T00:00:00Z,sd,
cmems_mod_glo_phy_myint_0.083deg_P1D-m,bottomT,,2025-01-15T00:00:00Z,sd,
cmems_mod_glo_phy_myint_0.083deg_P1D-m,bottomT,,2025-01-16T00:00:00Z,sd,
cmems_mod_glo_phy_myint_0.083deg_P1D-m,bottomT,,2025-01-17T00:00:00Z,sd,
cmems_mod_glo_phy_myint_0.083deg_P1D-m,bottomT,,2025-01-18T00:00:00Z,sd,
cmems_mod_glo_phy_myint_0.083deg_P1D-m,bottomT,,2025-01-19T00:00:00Z,sd,
cmems_mod_glo_phy_myint_0.083deg_P1D-m,bottomT,,2025-01-20T00:00:00Z,sd,
cmems_mod_glo_phy_myint_0.083deg_P1D-m,bottomT,,2025-01-21T00:00:00Z,sd,
cmems_mod_glo_phy_myint_0.083deg_P1D-m,bottomT,,2025-01-22T00:00:00Z,sd,
cmems_mod_glo_phy_myint_0.083deg_P1D-m,bottomT,,2025-01-23T00:00:00Z,sd,
cmems_mod_glo_phy_myint_0.083deg_P1D-m,bottomT,,2025-01-24T00:00:00Z,sd,
cmems_mod_glo_phy_myint_0.083deg_P1D-m,bottomT,,2025-01-25T00:00:00Z,sd,
cmems_mod_glo_phy_myint_0.083deg_P1D-m,bottomT,,2025-01-26T00:00:00Z,sd,
cmems_mod_glo_phy_myint_0.083deg_P1D-m,bottomT,,2025-01-27T00:00:00Z,sd,
cmems_mod_glo_phy_myint_0.083deg_P1D-m,bottomT,,2025-01-28T00:00:00Z,sd,
cmems_mod_glo_phy_myint_0.083deg_P1D-m,bottomT,,2025-01-29T00:00:00Z,sd,
cmems_mod_glo_phy_myint_0.083deg_P1D-m,bottomT,,2025-01-30T00:00:00Z,sd,
cmems_mod_glo_phy_myint_0.083deg_P1D-m,bottomT,,2025-01-31T00:00:00Z,sd,
cmems_mod_glo_phy_myint_0.083deg_P1D-m,bottomT,,2025-02-01T00:00:00Z,sd,
cmems_mod_glo_phy_myint_0.083deg_P1D-m,bottomT,,2025-02-02T00:00:00Z,sd,
cmems_mod_glo_phy_myint_0.083deg_P1D-m,bottomT,,2025-02-03T00:00:00Z,sd,
cmems_mod_glo_phy_myint_0.083deg_P1D-m,bottomT,,2025-02-04T00:00:00Z,sd,
cmems_mod_glo_phy_myint_0.083deg_P1D-m,bottomT,,2025-02-05T00:00:00Z,sd,
cmems_mod_glo_phy_myint_0.083deg_P1D-m,bottomT,,2025-02-06T00:00:00Z,sd,
cmems_mod_glo_phy_myint_0.083deg_P1D-m,bottomT,,2025-02-07T00:00:00Z,sd,
cmems_mod_glo_phy_myint_0.083deg_P1D-m,bottomT,,2025-02-08T00:00:00Z,sd,
cmems_mod_glo_phy_myint_0.083deg_P1D-m,bottomT,,2025-02-09T00:00:00Z,sd,
cmems_mod_glo_phy_myint_0.083deg_P1D-m,bottomT,,2025-02-10T00:00:00Z,sd,
cmems_mod_glo_phy_myint_0.083deg_P1D-m,bottomT,,2025-02-11T00:00:00Z,sd,
cmems_mod_glo_phy_myint_0.083deg_P1D-m,bottomT,,2025-02-12T00:00:00Z,sd,
cmems_mod_glo_phy_myint_0.083deg_P1D-m,bottomT,,2025-02-13T00:00:00Z,sd,
cmems_mod_glo_phy_myint_0.083deg_P1D-m,bottomT,,2025-02-14T00:00:00Z,sd,
cmems_mod_glo_phy_myint_0.083deg_P1D-m,bottomT,,2025-02-15T00:00:00Z,sd,
cmems_mod_glo_phy_myint_0.083deg_P1D-m,bottomT,,2025-02-16T00:00:00Z,sd,
cmems_mod_glo_phy_myint_0.083deg_P1D-m,bottomT,,2025-02-17T00:00:00Z,sd,
cmems_mod_glo_phy_myint_0.083deg_P1D-m,bottomT,,2025-02-18T00:00:00Z,sd,
cmems_mod_glo_phy_myint_0.083deg_P1D-m,bottomT,,2025-02-19T00:00:00Z,sd,
cmems_mod_glo_phy_myint_0.083deg_P1D-m,bottomT,,2025-02-20T00:00:00Z,sd,
cmems_mod_glo_phy_myint_0.083deg_P1D-m,bottomT,,2025-02-21T00:00:00Z,sd,
cmems_mod_glo_phy_myint_0.083deg_P1D-m,bottomT,,2025-02-22T00:00:00Z,sd,
cmems_mod_glo_phy_myint_0.083deg_P1D-m,bottomT,,2025-02-23T00:00:00Z,sd,
cmems_mod_glo_phy_myint_0.083deg_P1D-m,bottomT,,2025-02-24T00:00:00Z,sd,
cmems_mod_glo_phy_myint_0.083deg_P1D-m,bottomT,,2025-02-25T00:00:00Z,sd,
cmems_mod_glo_phy_myint_0.083deg_P1D-m,bottomT,,2025-02-26T00:00:00Z,sd,
cmems_mod_glo_phy_myint_0.083deg_P1D-m,bottomT,,2025-02-27T00:00:00Z,sd,
cmems_mod_glo_phy_myint_0.083deg_P1D-m,bottomT,,2025-02-28T00:00:00Z,sd,
cmems_mod_glo_phy_myint_0.083deg_P1D-m,bottomT,,2025-03-01T00:00:00Z,sd,
cmems_mod_glo_phy_myint_0.083deg_P1D-m,bottomT,,2025-03-02T00:00:00Z,sd,
cmems_mod_glo_phy_myint_0.083deg_P1D-m,bottomT,,2025-03-03T00:00:00Z,sd,
cmems_mod_glo_phy_myint_0.083deg_P1D-m,bottomT,,2025-03-04T00:00:00Z,sd,
cmems_mod_glo_phy_myint_0.083deg_P1D-m,bottomT,,2025-03-05T00:00:00Z,sd,
cmems_mod_glo_phy_myint_0.083deg_P1D-m,bottomT,,2025-03-06T00:00:00Z,sd,
cmems_mod_glo_phy_myint_0.083deg_P1D-m,bottomT,,2025-03-07T00:00:00Z,sd,
cmems_mod_glo_phy_myint_0.083deg_P1D-m,bottomT,,2025-03-08T00:00:00Z,sd,
cmems_mod_glo_phy_myint_0.083deg_P1D-m,bottomT,,2025-03-09T00:00:00Z,sd,
cmems_mod_glo_phy_myint_0.083deg_P1D-m,bottomT,,2025-03-10T00:00:00Z,sd,
cmems_mod_glo_phy_myint_0.083deg_P1D-m,bottomT,,2025-03-11T00:00:00Z,sd,
cmems_mod_glo_phy_myint_0.083deg_P1D-m,bottomT,,2025-03-12T00:00:00Z,sd,
cmems_mod_glo_phy_myint_0.083deg_P1D-m,bottomT,,2025-03-13T00:00:00Z,sd,
cmems_mod_glo_phy_myint_0.083deg_P1D-m,bottomT,,2025-03-14T00:00:00Z,sd,
cmems_mod_glo_phy_myint_0.083deg_P1D-m,bottomT,,2025-03-15T00:00:00Z,sd,
cmems_mod_glo_phy_myint_0.083deg_P1D-m,bottomT,,2025-03-16T00:00:00Z,sd,
cmems_mod_glo_phy_myint_0.083deg_P1D-m,bottomT,,2025-03-17T00:00:00Z,sd,
cmems_mod_glo_phy_myint_0.083deg_P1D-m,bottomT,,2025-03-18T00:00:00Z,sd,
cmems_mod_glo_phy_myint_0.083deg_P1D-m,bottomT,,2025-03-19T00:00:00Z,sd,
cmems_mod_glo_phy_myint_0.083deg_P1D-m,bottomT,,2025-03-20T00:00:00Z,sd,
cmems_mod_glo_phy_myint_0.083deg_P1D-m,bottomT,,2025-03-21T00:00:00Z,sd,
cmems_mod_glo_phy_myint_0.083deg_P1D-m,bottomT,,2025-03-22T00:00:00Z,sd,
cmems_mod_glo_phy_myint_0.083deg_P1D-m,bottomT,,2025-03-23T00:00:00Z,sd,
cmems_mod_glo_phy_myint_0.083deg_P1D-m,bottomT,,2025-03-24T00:00:00Z,sd,
cmems_mod_glo_phy_myint_0.083deg_P1D-m,bottomT,,2025-03-25T00:00:00Z,sd,
cmems_mod_glo_phy_myint_0.083deg_P1D-m,bottomT,,2025-03-26T00:00:00Z,sd,
cmems_mod_glo_phy_myint_0.083deg_P1D-m,bottomT,,2025-03-27T00:00:00Z,sd,
cmems_mod_glo_phy_myint_0.083deg_P1D-m,bottomT,,2025-03-28T00:00:00Z,sd,
cmems_mod_glo_phy_myint_0.083deg_P1D-m,bottomT,,2025-03-29T00:00:00Z,sd,
cmems_mod_glo_phy_myint_0.083deg_P1D-m,bottomT,,2025-03-30T00:00:00Z,sd,
cmems_mod_glo_phy_myint_0.083deg_P1D-m,bottomT,,2025-03-31T00:00:00Z,sd,
cmems_mod_glo_phy_myint_0.083deg_P1D-m,bottomT,,2025-04-01T00:00:00Z,sd,
cmems_mod_glo_phy_myint_0.083deg_P1D-m,bottomT,,2025-04-02T00:00:00Z,sd,
cmems_mod_glo_phy_myint_0.083deg_P1D-m,bottomT,,2025-04-03T00:00:00Z,sd,
cmems_mod_glo_phy_myint_0.083deg_P1D-m,bottomT,,2025-04-04T00:00:00Z,sd,
cmems_mod_glo_phy_myint_0.083deg_P1D-m,bottomT,,2025-04-05T00:00:00Z,sd,
cmems_mod_glo_phy_myint_0.083deg_P1D-m,bottomT,,2025-04-06T00:00:00Z,sd,
cmems_mod_glo_phy_myint_0.083deg_P1D-m,bottomT,,2025-04-07T00:00:00Z,sd,
cmems_mod_glo_phy_myint_0.083deg_P1D-m,bottomT,,2025-04-08T00:00:00Z,sd,
cmems_mod_glo_phy_myint_0.083deg_P1D-m,bottomT,,2025-04-09T00:00:00Z,sd,
cmems_mod_glo_phy_myint_0.083deg_P1D-m,bottomT,,2025-04-10T00:00:00Z,sd,
cmems_mod_glo_phy_myint_0.083deg_P1D-m,bottomT,,2025-04-11T00:00:00Z,sd,
cmems_mod_glo_phy_myint_0.083deg_P1D-m,bottomT,,2025-04-12T00:00:00Z,sd,
cmems_mod_glo_phy_myint_0.083deg_P1D-m,bottomT,,2025-04-13T00:00:00Z,sd,
cmems_mod_glo_phy_myint_0.083deg_P1D-m,bottomT,,2025-04-14T00:00:00Z,sd,
cmems_mod_glo_phy_myint_0.083deg_P1D-m,bottomT,,2025-04-15T00:00:00Z,sd,
cmems_mod_glo_phy_myint_0.083deg_P1D-m,bottomT,,2025-04-16T00:00:00Z,sd,
cmems_mod_glo_phy_myint_0.083deg_P1D-m,bottomT,,2025-04-17T00:00:00Z,sd,
cmems_mod_glo_phy_myint_0.083deg_P1D-m,bottomT,,2025-04-18T00:00:00Z,sd,
cmems_mod_glo_phy_myint_0.083deg_P1D-m,bottomT,,2025-04-19T00:00:00Z,sd,
cmems_mod_glo_phy_myint_0.083deg_P1D-m,bottomT,,2025-04-20T00:00:00Z,sd,
cmems_mod_glo_phy_myint_0.083deg_P1D-m,bottomT,,2025-04-21T00:00:00Z,sd,
cmems_mod_glo_phy_myint_0.083deg_P1D-m,bottomT,,2025-04-22T00:00:00Z,sd,
cmems_mod_glo_phy_myint_0.083deg_P1D-m,so,0.49402499,2025-01-01T00:00:00Z,sd,
cmems_mod_glo_phy_myint_0.083deg_P1D-m,so,0.49402499,2025-01-02T00:00:00Z,sd,
cmems_mod_glo_phy_myint_0.083deg_P1D-m,so,0.49402499,2025-01-03T00:00:00Z,sd,
cmems_mod_glo_phy_myint_0.083deg_P1D-m,so,0.49402499,2025-01-04T00:00:00Z,sd,
cmems_mod_glo_phy_myint_0.083deg_P1D-m,so,0.49402499,2025-01-05T00:00:00Z,sd,
cmems_mod_glo_phy_myint_0.083deg_P1D-m,so,0.49402499,2025-01-06T00:00:00Z,sd,
cmems_mod_glo_phy_myint_0.083deg_P1D-m,so,0.49402499,2025-01-07T00:00:00Z,sd,
cmems_mod_glo_phy_myint_0.083deg_P1D-m,so,0.49402499,2025-01-08T00:00:00Z,sd,
cmems_mod_glo_phy_myint_0.083deg_P1D-m,so,0.49402499,2025-01-09T00:00:00Z,sd,
cmems_mod_glo_phy_myint_0.083deg_P1D-m,so,0.49402499,2025-01-10T00:00:00Z,sd,
cmems_mod_glo_phy_myint_0.083deg_P1D-m,so,0.49402499,2025-01-11T00:00:00Z,sd,
cmems_mod_glo_phy_myint_0.083deg_P1D-m,so,0.49402499,2025-01-12T00:00:00Z,sd,
cmems_mod_glo_phy_myint_0.083deg_P1D-m,so,0.49402499,2025-01-13T00:00:00Z,sd,
cmems_mod_glo_phy_myint_0.083deg_P1D-m,so,0.49402499,2025-01-14T00:00:00Z,sd,
cmems_mod_glo_phy_myint_0.083deg_P1D-m,so,0.49402499,2025-01-15T00:00:00Z,sd,
cmems_mod_glo_phy_myint_0.083deg_P1D-m,so,0.49402499,2025-01-16T00:00:00Z,sd,
cmems_mod_glo_phy_myint_0.083deg_P1D-m,so,0.49402499,2025-01-17T00:00:00Z,sd,
cmems_mod_glo_phy_myint_0.083deg_P1D-m,so,0.49402499,2025-01-18T00:00:00Z,sd,
cmems_mod_glo_phy_myint_0.083deg_P1D-m,so,0.49402499,2025-01-19T00:00:00Z,sd,
cmems_mod_glo_phy_myint_0.083deg_P1D-m,so,0.49402499,2025-01-20T00:00:00Z,sd,
cmems_mod_glo_phy_myint_0.083deg_P1D-m,so,0.49402499,2025-01-21T00:00:00Z,sd,
cmems_mod_glo_phy_myint_0.083deg_P1D-m,so,0.49402499,2025-01-22T00:00:00Z,sd,
cmems_mod_glo_phy_myint_0.083deg_P1D-m,so,0.49402499,2025-01-23T00:00:00Z,sd,
cmems_mod_glo_phy_myint_0.083deg_P1D-m,so,0.49402499,2025-01-24T00:00:00Z,sd,
cmems_mod_glo_phy_myint_0.083deg_P1D-m,so,0.49402499,2025-01-25T00:00:00Z,sd,
cmems_mod_glo_phy_myint_0.083deg_P1D-m,so,0.49402499,2025-01-26T00:00:00Z,sd,
cmems_mod_glo_phy_myint_0.083deg_P1D-m,so,0.49402499,2025-01-27T00:00:00Z,sd,
cmems_mod_glo_phy_myint_0.083deg_P1D-m,so,0.49402499,2025-01-28T00:00:00Z,sd,
cmems_mod_glo_phy_myint_0.083deg_P1D-m,so,0.49402499,2025-01-29T00:00:00Z,sd,
cmems_mod_glo_phy_myint_0.083deg_P1D-m,so,0.49402499,2025-01-30T00:00:00Z,sd,
cmems_mod_glo_phy_myint_0.083deg_P1D-m,so,0.49402499,2025-01-31T00:00:00Z,sd,
cmems_mod_glo_phy_myint_0.083deg_P1D-m,so,0.49402499,2025-02-01T00:00:00Z,sd,
cmems_mod_glo_phy_myint_0.083deg_P1D-m,so,0.49402499,2025-02-02T00:00:00Z,sd,
cmems_mod_glo_phy_myint_0.083deg_P1D-m,so,0.49402499,2025-02-03T00:00:00Z,sd,
cmems_mod_glo_phy_myint_0.083deg_P1D-m,so,0.49402499,2025-02-04T00:00:00Z,sd,
cmems_mod_glo_phy_myint_0.083deg_P1D-m,so,0.49402499,2025-02-05T00:00:00Z,sd,
cmems_mod_glo_phy_myint_0.083deg_P1D-m,so,0.49402499,2025-02-06T00:00:00Z,sd,
cmems_mod_glo_phy_myint_0.083deg_P1D-m,so,0.49402499,2025-02-07T00:00:00Z,sd,
cmems_mod_glo_phy_myint_0.083deg_P1D-m,so,0.49402499,2025-02-08T00:00:00Z,sd,
cmems_mod_glo_phy_myint_0.083deg_P1D-m,so,0.49402499,2025-02-09T00:00:00Z,sd,
cmems_mod_glo_phy_myint_0.083deg_P1D-m,so,0.49402499,2025-02-10T00:00:00Z,sd,
cmems_mod_glo_phy_myint_0.083deg_P1D-m,so,0.49402499,2025-02-11T00:00:00Z,sd,
cmems_mod_glo_phy_myint_0.083deg_P1D-m,so,0.49402499,2025-02-12T00:00:00Z,sd,
cmems_mod_glo_phy_myint_0.083deg_P1D-m,so,0.49402499,2025-02-13T00:00:00Z,sd,
cmems_mod_glo_phy_myint_0.083deg_P1D-m,so,0.49402499,2025-02-14T00:00:00Z,sd,
cmems_mod_glo_phy_myint_0.083deg_P1D-m,so,0.49402499,2025-02-15T00:00:00Z,sd,
cmems_mod_glo_phy_myint_0.083deg_P1D-m,so,0.49402499,2025-02-16T00:00:00Z,sd,
cmems_mod_glo_phy_myint_0.083deg_P1D-m,so,0.49402499,2025-02-17T00:00:00Z,sd,
cmems_mod_glo_phy_myint_0.083deg_P1D-m,so,0.49402499,2025-02-18T00:00:00Z,sd,
cmems_mod_glo_phy_myint_0.083deg_P1D-m,so,0.49402499,2025-02-19T00:00:00Z,sd,
cmems_mod_glo_phy_myint_0.083deg_P1D-m,so,0.49402499,2025-02-20T00:00:00Z,sd,
cmems_mod_glo_phy_myint_0.083deg_P1D-m,so,0.49402499,2025-02-21T00:00:00Z,sd,
cmems_mod_glo_phy_myint_0.083deg_P1D-m,so,0.49402499,2025-02-22T00:00:00Z,sd,
cmems_mod_glo_phy_myint_0.083deg_P1D-m,so,0.49402499,2025-02-23T00:00:00Z,sd,
cmems_mod_glo_phy_myint_0.083deg_P1D-m,so,0.49402499,2025-02-24T00:00:00Z,sd,
cmems_mod_glo_phy_myint_0.083deg_P1D-m,so,0.49402499,2025-02-25T00:00:00Z,sd,
cmems_mod_glo_phy_myint_0.083deg_P1D-m,so,0.49402499,2025-02-26T00:00:00Z,sd,
cmems_mod_glo_phy_myint_0.083deg_P1D-m,so,0.49402499,2025-02-27T00:00:00Z,sd,
cmems_mod_glo_phy_myint_0.083deg_P1D-m,so,0.49402499,2025-02-28T00:00:00Z,sd,
cmems_mod_glo_phy_myint_0.083deg_P1D-m,so,0.49402499,2025-03-01T00:00:00Z,sd,
cmems_mod_glo_phy_myint_0.083deg_P1D-m,so,0.49402499,2025-03-02T00:00:00Z,sd,
cmems_mod_glo_phy_myint_0.083deg_P1D-m,so,0.49402499,2025-03-03T00:00:00Z,sd,
cmems_mod_glo_phy_myint_0.083deg_P1D-m,so,0.49402499,2025-03-04T00:00:00Z,sd,
cmems_mod_glo_phy_myint_0.083deg_P1D-m,so,0.49402499,2025-03-05T00:00:00Z,sd,
cmems_mod_glo_phy_myint_0.083deg_P1D-m,so,0.49402499,2025-03-06T00:00:00Z,sd,
cmems_mod_glo_phy_myint_0.083deg_P1D-m,so,0.49402499,2025-03-07T00:00:00Z,sd,
cmems_mod_glo_phy_myint_0.083deg_P1D-m,so,0.49402499,2025-03-08T00:00:00Z,sd,
cmems_mod_glo_phy_myint_0.083deg_P1D-m,so,0.49402499,2025-03-09T00:00:00Z,sd,
cmems_mod_glo_phy_myint_0.083deg_P1D-m,so,0.49402499,2025-03-10T00:00:00Z,sd,
cmems_mod_glo_phy_myint_0.083deg_P1D-m,so,0.49402499,2025-03-11T00:00:00Z,sd,
cmems_mod_glo_phy_myint_0.083deg_P1D-m,so,0.49402499,2025-03-12T00:00:00Z,sd,
cmems_mod_glo_phy_myint_0.083deg_P1D-m,so,0.49402499,2025-03-13T00:00:00Z,sd,
cmems_mod_glo_phy_myint_0.083deg_P1D-m,so,0.49402499,2025-03-14T00:00:00Z,sd,
cmems_mod_glo_phy_myint_0.083deg_P1D-m,so,0.49402499,2025-03-15T00:00:00Z,sd,
cmems_mod_glo_phy_myint_0.083deg_P1D-m,so,0.49402499,2025-03-16T00:00:00Z,sd,
cmems_mod_glo_phy_myint_0.083deg_P1D-m,so,0.49402499,2025-03-17T00:00:00Z,sd,
cmems_mod_glo_phy_myint_0.083deg_P1D-m,so,0.49402499,2025-03-18T00:00:00Z,sd,
cmems_mod_glo_phy_myint_0.083deg_P1D-m,so,0.49402499,2025-03-19T00:00:00Z,sd,
cmems_mod_glo_phy_myint_0.083deg_P1D-m,so,0.49402499,2025-03-20T00:00:00Z,sd,
cmems_mod_glo_phy_myint_0.083deg_P1D-m,so,0.49402499,2025-03-21T00:00:00Z,sd,
cmems_mod_glo_phy_myint_0.083deg_P1D-m,so,0.49402499,2025-03-22T00:00:00Z,sd,
cmems_mod_glo_phy_myint_0.083deg_P1D-m,so,0.49402499,2025-03-23T00:00:00Z,sd,
cmems_mod_glo_phy_myint_0.083deg_P1D-m,so,0.49402499,2025-03-24T00:00:00Z,sd,
cmems_mod_glo_phy_myint_0.083deg_P1D-m,so,0.49402499,2025-03-25T00:00:00Z,sd,
cmems_mod_glo_phy_myint_0.083deg_P1D-m,so,0.49402499,2025-03-26T00:00:00Z,sd,
cmems_mod_glo_phy_myint_0.083deg_P1D-m,so,0.49402499,2025-03-27T00:00:00Z,sd,
cmems_mod_glo_phy_myint_0.083deg_P1D-m,so,0.49402499,2025-03-28T00:00:00Z,sd,
cmems_mod_glo_phy_myint_0.083deg_P1D-m,so,0.49402499,2025-03-29T00:00:00Z,sd,
cmems_mod_glo_phy_myint_0.083deg_P1D-m,so,0.49402499,2025-03-30T00:00:00Z,sd,
cmems_mod_glo_phy_myint_0.083deg_P1D-m,so,0.49402499,2025-03-31T00:00:00Z,sd,
cmems_mod_glo_phy_myint_0.083deg_P1D-m,so,0.49402499,2025-04-01T00:00:00Z,sd,
cmems_mod_glo_phy_myint_0.083deg_P1D-m,so,0.49402499,2025-04-02T00:00:00Z,sd,
cmems_mod_glo_phy_myint_0.083deg_P1D-m,so,0.49402499,2025-04-03T00:00:00Z,sd,
cmems_mod_glo_phy_myint_0.083deg_P1D-m,so,0.49402499,2025-04-04T00:00:00Z,sd,
cmems_mod_glo_phy_myint_0.083deg_P1D-m,so,0.49402499,2025-04-05T00:00:00Z,sd,
cmems_mod_glo_phy_myint_0.083deg_P1D-m,so,0.49402499,2025-04-06T00:00:00Z,sd,
cmems_mod_glo_phy_myint_0.083deg_P1D-m,so,0.49402499,2025-04-07T00:00:00Z,sd,
cmems_mod_glo_phy_myint_0.083deg_P1D-m,so,0.49402499,2025-04-08T00:00:00Z,sd,
cmems_mod_glo_phy_myint_0.083deg_P1D-m,so,0.49402499,2025-04-09T00:00:00Z,sd,
cmems_mod_glo_phy_myint_0.083deg_P1D-m,so,0.49402499,2025-04-10T00:00:00Z,sd,
cmems_mod_glo_phy_myint_0.083deg_P1D-m,so,0.49402499,2025-04-11T00:00:00Z,sd,
cmems_mod_glo_phy_myint_0.083deg_P1D-m,so,0.49402499,2025-04-12T00:00:00Z,sd,
cmems_mod_glo_phy_myint_0.083deg_P1D-m,so,0.49402499,2025-04-13T00:00:00Z,sd,
cmems_mod_glo_phy_myint_0.083deg_P1D-m,so,0.49402499,2025-04-14T00:00:00Z,sd,
cmems_mod_glo_phy_myint_0.083deg_P1D-m,so,0.49402499,2025-04-15T00:00:00Z,sd,
cmems_mod_glo_phy_myint_0.083deg_P1D-m,so,0.49402499,2025-04-16T00:00:00Z,sd,
cmems_mod_glo_phy_myint_0.083deg_P1D-m,so,0.49402499,2025-04-17T00:00:00Z,sd,
cmems_mod_glo_phy_myint_0.083deg_P1D-m,so,0.49402499,2025-04-18T00:00:00Z,sd,
cmems_mod_glo_phy_myint_0.083deg_P1D-m,so,0.49402499,2025-04-19T00:00:00Z,sd,
cmems_mod_glo_phy_myint_0.083deg_P1D-m,so,0.49402499,2025-04-20T00:00:00Z,sd,
cmems_mod_glo_phy_myint_0.083deg_P1D-m,so,0.49402499,2025-04-21T00:00:00Z,sd,
cmems_mod_glo_phy_myint_0.083deg_P1D-m,so,0.49402499,2025-04-22T00:00:00Z,sd,
